"Date","Source","Site ID","POC","Daily Max 1-hour NO2 Concentration","UNITS","DAILY_AQI_VALUE","Site Name","DAILY_OBS_COUNT","PERCENT_COMPLETE","AQS_PARAMETER_CODE","AQS_PARAMETER_DESC","CBSA_CODE","CBSA_NAME","STATE_CODE","STATE","COUNTY_CODE","COUNTY","SITE_LATITUDE","SITE_LONGITUDE"
"01/01/2016","AQS","360050133","1","16","ppb","15","PFIZER LAB SITE","24","100.0000","42602","Nitrogen dioxide (NO2)","35620","New York-Newark-Jersey City, NY-NJ-PA","36","New York","005","Bronx","40.8679","-73.87809"
"01/02/2016","AQS","360050133","1","20.4","ppb","19","PFIZER LAB SITE","24","100.0000","42602","Nitrogen dioxide (NO2)","35620","New York-Newark-Jersey City, NY-NJ-PA","36","New York","005","Bronx","40.8679","-73.87809"
"01/03/2016","AQS","360050133","1","31.7","ppb","29","PFIZER LAB SITE","24","100.0000","42602","Nitrogen dioxide (NO2)","35620","New York-Newark-Jersey City, NY-NJ-PA","36","New York","005","Bronx","40.8679","-73.87809"
"01/04/2016","AQS","360050133","1","18.4","ppb","17","PFIZER LAB SITE","20","83.0000","42602","Nitrogen dioxide (NO2)","35620","New York-Newark-Jersey City, NY-NJ-PA","36","New York","005","Bronx","40.8679","-73.87809"
"01/05/2016","AQS","360050133","1","40.1","ppb","38","PFIZER LAB SITE","19","79.0000","42602","Nitrogen dioxide (NO2)","35620","New York-Newark-Jersey City, NY-NJ-PA","36","New York","005","Bronx","40.8679","-73.87809"
"01/06/2016","AQS","360050133","1","51.8","ppb","48","PFIZER LAB SITE","24","100.0000","42602","Nitrogen dioxide (NO2)","35620","New York-Newark-Jersey City, NY-NJ-PA","36","New York","005","Bronx","40.8679","-73.87809"
"01/07/2016","AQS","360050133","1","61.2","ppb","58","PFIZER LAB SITE","24","100.0000","42602","Nitrogen dioxide (NO2)","35620","New York-Newark-Jersey City, NY-NJ-PA","36","New York","005","Bronx","40.8679","-73.87809"
"01/08/2016","AQS","360050133","1","41.7","ppb","39","PFIZER LAB SITE","24","100.0000","42602","Nitrogen dioxide (NO2)","35620","New York-Newark-Jersey City, NY-NJ-PA","36","New York","005","Bronx","40.8679","-73.87809"
"01/09/2016","AQS","360050133","1","17.9","ppb","16","PFIZER LAB SITE","24","100.0000","42602","Nitrogen dioxide (NO2)","35620","New York-Newark-Jersey City, NY-NJ-PA","36","New York","005","Bronx","40.8679","-73.87809"
"01/10/2016","AQS","360050133","1","17.2","ppb","16","PFIZER LAB SITE","24","100.0000","42602","Nitrogen dioxide (NO2)","35620","New York-Newark-Jersey City, NY-NJ-PA","36","New York","005","Bronx","40.8679","-73.87809"
"01/11/2016","AQS","360050133","1","19.6","ppb","18","PFIZER LAB SITE","23","96.0000","42602","Nitrogen dioxide (NO2)","35620","New York-Newark-Jersey City, NY-NJ-PA","36","New York","005","Bronx","40.8679","-73.87809"
"01/12/2016","AQS","360050133","1","42.2","ppb","40","PFIZER LAB SITE","24","100.0000","42602","Nitrogen dioxide (NO2)","35620","New York-Newark-Jersey City, NY-NJ-PA","36","New York","005","Bronx","40.8679","-73.87809"
"01/13/2016","AQS","360050133","1","22","ppb","21","PFIZER LAB SITE","24","100.0000","42602","Nitrogen dioxide (NO2)","35620","New York-Newark-Jersey City, NY-NJ-PA","36","New York","005","Bronx","40.8679","-73.87809"
"01/14/2016","AQS","360050133","1","38.1","ppb","36","PFIZER LAB SITE","24","100.0000","42602","Nitrogen dioxide (NO2)","35620","New York-Newark-Jersey City, NY-NJ-PA","36","New York","005","Bronx","40.8679","-73.87809"
"01/15/2016","AQS","360050133","1","48.8","ppb","45","PFIZER LAB SITE","24","100.0000","42602","Nitrogen dioxide (NO2)","35620","New York-Newark-Jersey City, NY-NJ-PA","36","New York","005","Bronx","40.8679","-73.87809"
"01/16/2016","AQS","360050133","1","21.9","ppb","20","PFIZER LAB SITE","24","100.0000","42602","Nitrogen dioxide (NO2)","35620","New York-Newark-Jersey City, NY-NJ-PA","36","New York","005","Bronx","40.8679","-73.87809"
"01/17/2016","AQS","360050133","1","25.6","ppb","24","PFIZER LAB SITE","24","100.0000","42602","Nitrogen dioxide (NO2)","35620","New York-Newark-Jersey City, NY-NJ-PA","36","New York","005","Bronx","40.8679","-73.87809"
"01/18/2016","AQS","360050133","1","24.9","ppb","23","PFIZER LAB SITE","24","100.0000","42602","Nitrogen dioxide (NO2)","35620","New York-Newark-Jersey City, NY-NJ-PA","36","New York","005","Bronx","40.8679","-73.87809"
"01/19/2016","AQS","360050133","1","22.7","ppb","21","PFIZER LAB SITE","22","92.0000","42602","Nitrogen dioxide (NO2)","35620","New York-Newark-Jersey City, NY-NJ-PA","36","New York","005","Bronx","40.8679","-73.87809"
"01/20/2016","AQS","360050133","1","24.3","ppb","23","PFIZER LAB SITE","24","100.0000","42602","Nitrogen dioxide (NO2)","35620","New York-Newark-Jersey City, NY-NJ-PA","36","New York","005","Bronx","40.8679","-73.87809"
"01/21/2016","AQS","360050133","1","21.5","ppb","20","PFIZER LAB SITE","24","100.0000","42602","Nitrogen dioxide (NO2)","35620","New York-Newark-Jersey City, NY-NJ-PA","36","New York","005","Bronx","40.8679","-73.87809"
"01/22/2016","AQS","360050133","1","25","ppb","24","PFIZER LAB SITE","24","100.0000","42602","Nitrogen dioxide (NO2)","35620","New York-Newark-Jersey City, NY-NJ-PA","36","New York","005","Bronx","40.8679","-73.87809"
"01/23/2016","AQS","360050133","1","12","ppb","11","PFIZER LAB SITE","24","100.0000","42602","Nitrogen dioxide (NO2)","35620","New York-Newark-Jersey City, NY-NJ-PA","36","New York","005","Bronx","40.8679","-73.87809"
"01/24/2016","AQS","360050133","1","36.4","ppb","34","PFIZER LAB SITE","24","100.0000","42602","Nitrogen dioxide (NO2)","35620","New York-Newark-Jersey City, NY-NJ-PA","36","New York","005","Bronx","40.8679","-73.87809"
"01/25/2016","AQS","360050133","1","55.8","ppb","52","PFIZER LAB SITE","23","96.0000","42602","Nitrogen dioxide (NO2)","35620","New York-Newark-Jersey City, NY-NJ-PA","36","New York","005","Bronx","40.8679","-73.87809"
"01/26/2016","AQS","360050133","1","56.1","ppb","53","PFIZER LAB SITE","24","100.0000","42602","Nitrogen dioxide (NO2)","35620","New York-Newark-Jersey City, NY-NJ-PA","36","New York","005","Bronx","40.8679","-73.87809"
"01/27/2016","AQS","360050133","1","49","ppb","46","PFIZER LAB SITE","24","100.0000","42602","Nitrogen dioxide (NO2)","35620","New York-Newark-Jersey City, NY-NJ-PA","36","New York","005","Bronx","40.8679","-73.87809"
"01/28/2016","AQS","360050133","1","50.5","ppb","47","PFIZER LAB SITE","24","100.0000","42602","Nitrogen dioxide (NO2)","35620","New York-Newark-Jersey City, NY-NJ-PA","36","New York","005","Bronx","40.8679","-73.87809"
"01/29/2016","AQS","360050133","1","48.7","ppb","45","PFIZER LAB SITE","24","100.0000","42602","Nitrogen dioxide (NO2)","35620","New York-Newark-Jersey City, NY-NJ-PA","36","New York","005","Bronx","40.8679","-73.87809"
"01/30/2016","AQS","360050133","1","35.1","ppb","33","PFIZER LAB SITE","24","100.0000","42602","Nitrogen dioxide (NO2)","35620","New York-Newark-Jersey City, NY-NJ-PA","36","New York","005","Bronx","40.8679","-73.87809"
"01/31/2016","AQS","360050133","1","51.9","ppb","48","PFIZER LAB SITE","24","100.0000","42602","Nitrogen dioxide (NO2)","35620","New York-Newark-Jersey City, NY-NJ-PA","36","New York","005","Bronx","40.8679","-73.87809"
"02/01/2016","AQS","360050133","1","49.3","ppb","46","PFIZER LAB SITE","21","88.0000","42602","Nitrogen dioxide (NO2)","35620","New York-Newark-Jersey City, NY-NJ-PA","36","New York","005","Bronx","40.8679","-73.87809"
"02/02/2016","AQS","360050133","1","49.9","ppb","46","PFIZER LAB SITE","24","100.0000","42602","Nitrogen dioxide (NO2)","35620","New York-Newark-Jersey City, NY-NJ-PA","36","New York","005","Bronx","40.8679","-73.87809"
"02/03/2016","AQS","360050133","1","43.6","ppb","41","PFIZER LAB SITE","24","100.0000","42602","Nitrogen dioxide (NO2)","35620","New York-Newark-Jersey City, NY-NJ-PA","36","New York","005","Bronx","40.8679","-73.87809"
"02/04/2016","AQS","360050133","1","36.3","ppb","34","PFIZER LAB SITE","24","100.0000","42602","Nitrogen dioxide (NO2)","35620","New York-Newark-Jersey City, NY-NJ-PA","36","New York","005","Bronx","40.8679","-73.87809"
"02/05/2016","AQS","360050133","1","18.8","ppb","17","PFIZER LAB SITE","24","100.0000","42602","Nitrogen dioxide (NO2)","35620","New York-Newark-Jersey City, NY-NJ-PA","36","New York","005","Bronx","40.8679","-73.87809"
"02/06/2016","AQS","360050133","1","35.9","ppb","33","PFIZER LAB SITE","24","100.0000","42602","Nitrogen dioxide (NO2)","35620","New York-Newark-Jersey City, NY-NJ-PA","36","New York","005","Bronx","40.8679","-73.87809"
"02/07/2016","AQS","360050133","1","39.1","ppb","37","PFIZER LAB SITE","24","100.0000","42602","Nitrogen dioxide (NO2)","35620","New York-Newark-Jersey City, NY-NJ-PA","36","New York","005","Bronx","40.8679","-73.87809"
"02/08/2016","AQS","360050133","1","15","ppb","14","PFIZER LAB SITE","23","96.0000","42602","Nitrogen dioxide (NO2)","35620","New York-Newark-Jersey City, NY-NJ-PA","36","New York","005","Bronx","40.8679","-73.87809"
"02/09/2016","AQS","360050133","1","34.3","ppb","32","PFIZER LAB SITE","24","100.0000","42602","Nitrogen dioxide (NO2)","35620","New York-Newark-Jersey City, NY-NJ-PA","36","New York","005","Bronx","40.8679","-73.87809"
"02/10/2016","AQS","360050133","1","41.4","ppb","39","PFIZER LAB SITE","24","100.0000","42602","Nitrogen dioxide (NO2)","35620","New York-Newark-Jersey City, NY-NJ-PA","36","New York","005","Bronx","40.8679","-73.87809"
"02/11/2016","AQS","360050133","1","16","ppb","15","PFIZER LAB SITE","24","100.0000","42602","Nitrogen dioxide (NO2)","35620","New York-Newark-Jersey City, NY-NJ-PA","36","New York","005","Bronx","40.8679","-73.87809"
"02/12/2016","AQS","360050133","1","30.5","ppb","28","PFIZER LAB SITE","24","100.0000","42602","Nitrogen dioxide (NO2)","35620","New York-Newark-Jersey City, NY-NJ-PA","36","New York","005","Bronx","40.8679","-73.87809"
"02/13/2016","AQS","360050133","1","25.5","ppb","24","PFIZER LAB SITE","24","100.0000","42602","Nitrogen dioxide (NO2)","35620","New York-Newark-Jersey City, NY-NJ-PA","36","New York","005","Bronx","40.8679","-73.87809"
"02/14/2016","AQS","360050133","1","17","ppb","16","PFIZER LAB SITE","24","100.0000","42602","Nitrogen dioxide (NO2)","35620","New York-Newark-Jersey City, NY-NJ-PA","36","New York","005","Bronx","40.8679","-73.87809"
"02/15/2016","AQS","360050133","1","35.2","ppb","33","PFIZER LAB SITE","24","100.0000","42602","Nitrogen dioxide (NO2)","35620","New York-Newark-Jersey City, NY-NJ-PA","36","New York","005","Bronx","40.8679","-73.87809"
"02/16/2016","AQS","360050133","1","38.6","ppb","36","PFIZER LAB SITE","21","88.0000","42602","Nitrogen dioxide (NO2)","35620","New York-Newark-Jersey City, NY-NJ-PA","36","New York","005","Bronx","40.8679","-73.87809"
"02/17/2016","AQS","360050133","1","27.7","ppb","25","PFIZER LAB SITE","24","100.0000","42602","Nitrogen dioxide (NO2)","35620","New York-Newark-Jersey City, NY-NJ-PA","36","New York","005","Bronx","40.8679","-73.87809"
"02/18/2016","AQS","360050133","1","19.3","ppb","18","PFIZER LAB SITE","24","100.0000","42602","Nitrogen dioxide (NO2)","35620","New York-Newark-Jersey City, NY-NJ-PA","36","New York","005","Bronx","40.8679","-73.87809"
"02/19/2016","AQS","360050133","1","42.8","ppb","40","PFIZER LAB SITE","24","100.0000","42602","Nitrogen dioxide (NO2)","35620","New York-Newark-Jersey City, NY-NJ-PA","36","New York","005","Bronx","40.8679","-73.87809"
"02/20/2016","AQS","360050133","1","32.8","ppb","30","PFIZER LAB SITE","24","100.0000","42602","Nitrogen dioxide (NO2)","35620","New York-Newark-Jersey City, NY-NJ-PA","36","New York","005","Bronx","40.8679","-73.87809"
"02/21/2016","AQS","360050133","1","41.3","ppb","39","PFIZER LAB SITE","24","100.0000","42602","Nitrogen dioxide (NO2)","35620","New York-Newark-Jersey City, NY-NJ-PA","36","New York","005","Bronx","40.8679","-73.87809"
"02/22/2016","AQS","360050133","1","41.2","ppb","39","PFIZER LAB SITE","23","96.0000","42602","Nitrogen dioxide (NO2)","35620","New York-Newark-Jersey City, NY-NJ-PA","36","New York","005","Bronx","40.8679","-73.87809"
"02/23/2016","AQS","360050133","1","14.1","ppb","13","PFIZER LAB SITE","24","100.0000","42602","Nitrogen dioxide (NO2)","35620","New York-Newark-Jersey City, NY-NJ-PA","36","New York","005","Bronx","40.8679","-73.87809"
"02/24/2016","AQS","360050133","1","33","ppb","31","PFIZER LAB SITE","24","100.0000","42602","Nitrogen dioxide (NO2)","35620","New York-Newark-Jersey City, NY-NJ-PA","36","New York","005","Bronx","40.8679","-73.87809"
"02/25/2016","AQS","360050133","1","34","ppb","32","PFIZER LAB SITE","24","100.0000","42602","Nitrogen dioxide (NO2)","35620","New York-Newark-Jersey City, NY-NJ-PA","36","New York","005","Bronx","40.8679","-73.87809"
"02/26/2016","AQS","360050133","1","12","ppb","11","PFIZER LAB SITE","24","100.0000","42602","Nitrogen dioxide (NO2)","35620","New York-Newark-Jersey City, NY-NJ-PA","36","New York","005","Bronx","40.8679","-73.87809"
"02/27/2016","AQS","360050133","1","27.2","ppb","25","PFIZER LAB SITE","24","100.0000","42602","Nitrogen dioxide (NO2)","35620","New York-Newark-Jersey City, NY-NJ-PA","36","New York","005","Bronx","40.8679","-73.87809"
"02/28/2016","AQS","360050133","1","42.5","ppb","40","PFIZER LAB SITE","24","100.0000","42602","Nitrogen dioxide (NO2)","35620","New York-Newark-Jersey City, NY-NJ-PA","36","New York","005","Bronx","40.8679","-73.87809"
"02/29/2016","AQS","360050133","1","48.5","ppb","45","PFIZER LAB SITE","21","88.0000","42602","Nitrogen dioxide (NO2)","35620","New York-Newark-Jersey City, NY-NJ-PA","36","New York","005","Bronx","40.8679","-73.87809"
"03/01/2016","AQS","360050133","1","17","ppb","16","PFIZER LAB SITE","24","100.0000","42602","Nitrogen dioxide (NO2)","35620","New York-Newark-Jersey City, NY-NJ-PA","36","New York","005","Bronx","40.8679","-73.87809"
"03/02/2016","AQS","360050133","1","24.2","ppb","23","PFIZER LAB SITE","24","100.0000","42602","Nitrogen dioxide (NO2)","35620","New York-Newark-Jersey City, NY-NJ-PA","36","New York","005","Bronx","40.8679","-73.87809"
"03/03/2016","AQS","360050133","1","28.3","ppb","26","PFIZER LAB SITE","24","100.0000","42602","Nitrogen dioxide (NO2)","35620","New York-Newark-Jersey City, NY-NJ-PA","36","New York","005","Bronx","40.8679","-73.87809"
"03/04/2016","AQS","360050133","1","25.9","ppb","24","PFIZER LAB SITE","24","100.0000","42602","Nitrogen dioxide (NO2)","35620","New York-Newark-Jersey City, NY-NJ-PA","36","New York","005","Bronx","40.8679","-73.87809"
"03/05/2016","AQS","360050133","1","42","ppb","40","PFIZER LAB SITE","24","100.0000","42602","Nitrogen dioxide (NO2)","35620","New York-Newark-Jersey City, NY-NJ-PA","36","New York","005","Bronx","40.8679","-73.87809"
"03/06/2016","AQS","360050133","1","48.6","ppb","45","PFIZER LAB SITE","24","100.0000","42602","Nitrogen dioxide (NO2)","35620","New York-Newark-Jersey City, NY-NJ-PA","36","New York","005","Bronx","40.8679","-73.87809"
"03/07/2016","AQS","360050133","1","47","ppb","44","PFIZER LAB SITE","22","92.0000","42602","Nitrogen dioxide (NO2)","35620","New York-Newark-Jersey City, NY-NJ-PA","36","New York","005","Bronx","40.8679","-73.87809"
"03/08/2016","AQS","360050133","1","45.6","ppb","42","PFIZER LAB SITE","24","100.0000","42602","Nitrogen dioxide (NO2)","35620","New York-Newark-Jersey City, NY-NJ-PA","36","New York","005","Bronx","40.8679","-73.87809"
"03/09/2016","AQS","360050133","1","89.4","ppb","88","PFIZER LAB SITE","24","100.0000","42602","Nitrogen dioxide (NO2)","35620","New York-Newark-Jersey City, NY-NJ-PA","36","New York","005","Bronx","40.8679","-73.87809"
"03/10/2016","AQS","360050133","1","46.2","ppb","43","PFIZER LAB SITE","24","100.0000","42602","Nitrogen dioxide (NO2)","35620","New York-Newark-Jersey City, NY-NJ-PA","36","New York","005","Bronx","40.8679","-73.87809"
"03/11/2016","AQS","360050133","1","29.7","ppb","27","PFIZER LAB SITE","24","100.0000","42602","Nitrogen dioxide (NO2)","35620","New York-Newark-Jersey City, NY-NJ-PA","36","New York","005","Bronx","40.8679","-73.87809"
"03/12/2016","AQS","360050133","1","43.7","ppb","41","PFIZER LAB SITE","24","100.0000","42602","Nitrogen dioxide (NO2)","35620","New York-Newark-Jersey City, NY-NJ-PA","36","New York","005","Bronx","40.8679","-73.87809"
"03/13/2016","AQS","360050133","1","37.2","ppb","35","PFIZER LAB SITE","24","100.0000","42602","Nitrogen dioxide (NO2)","35620","New York-Newark-Jersey City, NY-NJ-PA","36","New York","005","Bronx","40.8679","-73.87809"
"03/14/2016","AQS","360050133","1","10.8","ppb","9","PFIZER LAB SITE","21","88.0000","42602","Nitrogen dioxide (NO2)","35620","New York-Newark-Jersey City, NY-NJ-PA","36","New York","005","Bronx","40.8679","-73.87809"
"03/15/2016","AQS","360050133","1","41.8","ppb","39","PFIZER LAB SITE","24","100.0000","42602","Nitrogen dioxide (NO2)","35620","New York-Newark-Jersey City, NY-NJ-PA","36","New York","005","Bronx","40.8679","-73.87809"
"03/16/2016","AQS","360050133","1","46.9","ppb","43","PFIZER LAB SITE","24","100.0000","42602","Nitrogen dioxide (NO2)","35620","New York-Newark-Jersey City, NY-NJ-PA","36","New York","005","Bronx","40.8679","-73.87809"
"03/17/2016","AQS","360050133","1","39.4","ppb","37","PFIZER LAB SITE","24","100.0000","42602","Nitrogen dioxide (NO2)","35620","New York-Newark-Jersey City, NY-NJ-PA","36","New York","005","Bronx","40.8679","-73.87809"
"03/18/2016","AQS","360050133","1","28.3","ppb","26","PFIZER LAB SITE","24","100.0000","42602","Nitrogen dioxide (NO2)","35620","New York-Newark-Jersey City, NY-NJ-PA","36","New York","005","Bronx","40.8679","-73.87809"
"03/19/2016","AQS","360050133","1","19.1","ppb","18","PFIZER LAB SITE","24","100.0000","42602","Nitrogen dioxide (NO2)","35620","New York-Newark-Jersey City, NY-NJ-PA","36","New York","005","Bronx","40.8679","-73.87809"
"03/20/2016","AQS","360050133","1","14.3","ppb","13","PFIZER LAB SITE","24","100.0000","42602","Nitrogen dioxide (NO2)","35620","New York-Newark-Jersey City, NY-NJ-PA","36","New York","005","Bronx","40.8679","-73.87809"
"03/21/2016","AQS","360050133","1","26.3","ppb","25","PFIZER LAB SITE","22","92.0000","42602","Nitrogen dioxide (NO2)","35620","New York-Newark-Jersey City, NY-NJ-PA","36","New York","005","Bronx","40.8679","-73.87809"
"03/22/2016","AQS","360050133","1","31.7","ppb","29","PFIZER LAB SITE","24","100.0000","42602","Nitrogen dioxide (NO2)","35620","New York-Newark-Jersey City, NY-NJ-PA","36","New York","005","Bronx","40.8679","-73.87809"
"03/23/2016","AQS","360050133","1","60.8","ppb","57","PFIZER LAB SITE","24","100.0000","42602","Nitrogen dioxide (NO2)","35620","New York-Newark-Jersey City, NY-NJ-PA","36","New York","005","Bronx","40.8679","-73.87809"
"03/24/2016","AQS","360050133","1","11.5","ppb","10","PFIZER LAB SITE","24","100.0000","42602","Nitrogen dioxide (NO2)","35620","New York-Newark-Jersey City, NY-NJ-PA","36","New York","005","Bronx","40.8679","-73.87809"
"03/25/2016","AQS","360050133","1","37.7","ppb","35","PFIZER LAB SITE","24","100.0000","42602","Nitrogen dioxide (NO2)","35620","New York-Newark-Jersey City, NY-NJ-PA","36","New York","005","Bronx","40.8679","-73.87809"
"03/26/2016","AQS","360050133","1","10.9","ppb","9","PFIZER LAB SITE","24","100.0000","42602","Nitrogen dioxide (NO2)","35620","New York-Newark-Jersey City, NY-NJ-PA","36","New York","005","Bronx","40.8679","-73.87809"
"03/27/2016","AQS","360050133","1","12.3","ppb","11","PFIZER LAB SITE","24","100.0000","42602","Nitrogen dioxide (NO2)","35620","New York-Newark-Jersey City, NY-NJ-PA","36","New York","005","Bronx","40.8679","-73.87809"
"03/28/2016","AQS","360050133","1","24.1","ppb","23","PFIZER LAB SITE","21","88.0000","42602","Nitrogen dioxide (NO2)","35620","New York-Newark-Jersey City, NY-NJ-PA","36","New York","005","Bronx","40.8679","-73.87809"
"03/29/2016","AQS","360050133","1","13.1","ppb","12","PFIZER LAB SITE","24","100.0000","42602","Nitrogen dioxide (NO2)","35620","New York-Newark-Jersey City, NY-NJ-PA","36","New York","005","Bronx","40.8679","-73.87809"
"03/30/2016","AQS","360050133","1","36.7","ppb","34","PFIZER LAB SITE","24","100.0000","42602","Nitrogen dioxide (NO2)","35620","New York-Newark-Jersey City, NY-NJ-PA","36","New York","005","Bronx","40.8679","-73.87809"
"03/31/2016","AQS","360050133","1","39","ppb","37","PFIZER LAB SITE","24","100.0000","42602","Nitrogen dioxide (NO2)","35620","New York-Newark-Jersey City, NY-NJ-PA","36","New York","005","Bronx","40.8679","-73.87809"
"04/01/2016","AQS","360050133","1","38.3","ppb","36","PFIZER LAB SITE","24","100.0000","42602","Nitrogen dioxide (NO2)","35620","New York-Newark-Jersey City, NY-NJ-PA","36","New York","005","Bronx","40.8679","-73.87809"
"04/02/2016","AQS","360050133","1","22.3","ppb","21","PFIZER LAB SITE","24","100.0000","42602","Nitrogen dioxide (NO2)","35620","New York-Newark-Jersey City, NY-NJ-PA","36","New York","005","Bronx","40.8679","-73.87809"
"04/03/2016","AQS","360050133","1","12.4","ppb","11","PFIZER LAB SITE","24","100.0000","42602","Nitrogen dioxide (NO2)","35620","New York-Newark-Jersey City, NY-NJ-PA","36","New York","005","Bronx","40.8679","-73.87809"
"04/04/2016","AQS","360050133","1","23.9","ppb","22","PFIZER LAB SITE","22","92.0000","42602","Nitrogen dioxide (NO2)","35620","New York-Newark-Jersey City, NY-NJ-PA","36","New York","005","Bronx","40.8679","-73.87809"
"04/05/2016","AQS","360050133","1","17.1","ppb","16","PFIZER LAB SITE","24","100.0000","42602","Nitrogen dioxide (NO2)","35620","New York-Newark-Jersey City, NY-NJ-PA","36","New York","005","Bronx","40.8679","-73.87809"
"04/06/2016","AQS","360050133","1","39.4","ppb","37","PFIZER LAB SITE","24","100.0000","42602","Nitrogen dioxide (NO2)","35620","New York-Newark-Jersey City, NY-NJ-PA","36","New York","005","Bronx","40.8679","-73.87809"
"04/07/2016","AQS","360050133","1","30.1","ppb","28","PFIZER LAB SITE","24","100.0000","42602","Nitrogen dioxide (NO2)","35620","New York-Newark-Jersey City, NY-NJ-PA","36","New York","005","Bronx","40.8679","-73.87809"
"04/08/2016","AQS","360050133","1","20.4","ppb","19","PFIZER LAB SITE","24","100.0000","42602","Nitrogen dioxide (NO2)","35620","New York-Newark-Jersey City, NY-NJ-PA","36","New York","005","Bronx","40.8679","-73.87809"
"04/09/2016","AQS","360050133","1","44","ppb","42","PFIZER LAB SITE","24","100.0000","42602","Nitrogen dioxide (NO2)","35620","New York-Newark-Jersey City, NY-NJ-PA","36","New York","005","Bronx","40.8679","-73.87809"
"04/10/2016","AQS","360050133","1","29.5","ppb","27","PFIZER LAB SITE","24","100.0000","42602","Nitrogen dioxide (NO2)","35620","New York-Newark-Jersey City, NY-NJ-PA","36","New York","005","Bronx","40.8679","-73.87809"
"04/11/2016","AQS","360050133","1","34.4","ppb","32","PFIZER LAB SITE","22","92.0000","42602","Nitrogen dioxide (NO2)","35620","New York-Newark-Jersey City, NY-NJ-PA","36","New York","005","Bronx","40.8679","-73.87809"
"04/12/2016","AQS","360050133","1","44.2","ppb","42","PFIZER LAB SITE","24","100.0000","42602","Nitrogen dioxide (NO2)","35620","New York-Newark-Jersey City, NY-NJ-PA","36","New York","005","Bronx","40.8679","-73.87809"
"04/13/2016","AQS","360050133","1","45.8","ppb","42","PFIZER LAB SITE","24","100.0000","42602","Nitrogen dioxide (NO2)","35620","New York-Newark-Jersey City, NY-NJ-PA","36","New York","005","Bronx","40.8679","-73.87809"
"04/14/2016","AQS","360050133","1","46.1","ppb","43","PFIZER LAB SITE","24","100.0000","42602","Nitrogen dioxide (NO2)","35620","New York-Newark-Jersey City, NY-NJ-PA","36","New York","005","Bronx","40.8679","-73.87809"
"04/15/2016","AQS","360050133","1","39.9","ppb","37","PFIZER LAB SITE","24","100.0000","42602","Nitrogen dioxide (NO2)","35620","New York-Newark-Jersey City, NY-NJ-PA","36","New York","005","Bronx","40.8679","-73.87809"
"04/16/2016","AQS","360050133","1","33.9","ppb","31","PFIZER LAB SITE","24","100.0000","42602","Nitrogen dioxide (NO2)","35620","New York-Newark-Jersey City, NY-NJ-PA","36","New York","005","Bronx","40.8679","-73.87809"
"04/17/2016","AQS","360050133","1","33.7","ppb","31","PFIZER LAB SITE","24","100.0000","42602","Nitrogen dioxide (NO2)","35620","New York-Newark-Jersey City, NY-NJ-PA","36","New York","005","Bronx","40.8679","-73.87809"
"04/18/2016","AQS","360050133","1","50.8","ppb","47","PFIZER LAB SITE","23","96.0000","42602","Nitrogen dioxide (NO2)","35620","New York-Newark-Jersey City, NY-NJ-PA","36","New York","005","Bronx","40.8679","-73.87809"
"04/19/2016","AQS","360050133","1","39.1","ppb","37","PFIZER LAB SITE","24","100.0000","42602","Nitrogen dioxide (NO2)","35620","New York-Newark-Jersey City, NY-NJ-PA","36","New York","005","Bronx","40.8679","-73.87809"
"04/20/2016","AQS","360050133","1","37.5","ppb","35","PFIZER LAB SITE","24","100.0000","42602","Nitrogen dioxide (NO2)","35620","New York-Newark-Jersey City, NY-NJ-PA","36","New York","005","Bronx","40.8679","-73.87809"
"04/21/2016","AQS","360050133","1","56.7","ppb","53","PFIZER LAB SITE","24","100.0000","42602","Nitrogen dioxide (NO2)","35620","New York-Newark-Jersey City, NY-NJ-PA","36","New York","005","Bronx","40.8679","-73.87809"
"04/22/2016","AQS","360050133","1","45.2","ppb","42","PFIZER LAB SITE","24","100.0000","42602","Nitrogen dioxide (NO2)","35620","New York-Newark-Jersey City, NY-NJ-PA","36","New York","005","Bronx","40.8679","-73.87809"
"04/23/2016","AQS","360050133","1","21.8","ppb","20","PFIZER LAB SITE","24","100.0000","42602","Nitrogen dioxide (NO2)","35620","New York-Newark-Jersey City, NY-NJ-PA","36","New York","005","Bronx","40.8679","-73.87809"
"04/24/2016","AQS","360050133","1","24.5","ppb","23","PFIZER LAB SITE","24","100.0000","42602","Nitrogen dioxide (NO2)","35620","New York-Newark-Jersey City, NY-NJ-PA","36","New York","005","Bronx","40.8679","-73.87809"
"04/25/2016","AQS","360050133","1","33.9","ppb","31","PFIZER LAB SITE","21","88.0000","42602","Nitrogen dioxide (NO2)","35620","New York-Newark-Jersey City, NY-NJ-PA","36","New York","005","Bronx","40.8679","-73.87809"
"04/26/2016","AQS","360050133","1","14.7","ppb","13","PFIZER LAB SITE","24","100.0000","42602","Nitrogen dioxide (NO2)","35620","New York-Newark-Jersey City, NY-NJ-PA","36","New York","005","Bronx","40.8679","-73.87809"
"04/27/2016","AQS","360050133","1","28.2","ppb","26","PFIZER LAB SITE","24","100.0000","42602","Nitrogen dioxide (NO2)","35620","New York-Newark-Jersey City, NY-NJ-PA","36","New York","005","Bronx","40.8679","-73.87809"
"04/28/2016","AQS","360050133","1","19.9","ppb","18","PFIZER LAB SITE","24","100.0000","42602","Nitrogen dioxide (NO2)","35620","New York-Newark-Jersey City, NY-NJ-PA","36","New York","005","Bronx","40.8679","-73.87809"
"04/29/2016","AQS","360050133","1","20.9","ppb","19","PFIZER LAB SITE","24","100.0000","42602","Nitrogen dioxide (NO2)","35620","New York-Newark-Jersey City, NY-NJ-PA","36","New York","005","Bronx","40.8679","-73.87809"
"04/30/2016","AQS","360050133","1","22.4","ppb","21","PFIZER LAB SITE","24","100.0000","42602","Nitrogen dioxide (NO2)","35620","New York-Newark-Jersey City, NY-NJ-PA","36","New York","005","Bronx","40.8679","-73.87809"
"05/01/2016","AQS","360050133","1","19.9","ppb","18","PFIZER LAB SITE","24","100.0000","42602","Nitrogen dioxide (NO2)","35620","New York-Newark-Jersey City, NY-NJ-PA","36","New York","005","Bronx","40.8679","-73.87809"
"05/02/2016","AQS","360050133","1","42.8","ppb","40","PFIZER LAB SITE","22","92.0000","42602","Nitrogen dioxide (NO2)","35620","New York-Newark-Jersey City, NY-NJ-PA","36","New York","005","Bronx","40.8679","-73.87809"
"05/03/2016","AQS","360050133","1","37","ppb","35","PFIZER LAB SITE","24","100.0000","42602","Nitrogen dioxide (NO2)","35620","New York-Newark-Jersey City, NY-NJ-PA","36","New York","005","Bronx","40.8679","-73.87809"
"05/04/2016","AQS","360050133","1","15.4","ppb","14","PFIZER LAB SITE","24","100.0000","42602","Nitrogen dioxide (NO2)","35620","New York-Newark-Jersey City, NY-NJ-PA","36","New York","005","Bronx","40.8679","-73.87809"
"05/05/2016","AQS","360050133","1","14.9","ppb","13","PFIZER LAB SITE","24","100.0000","42602","Nitrogen dioxide (NO2)","35620","New York-Newark-Jersey City, NY-NJ-PA","36","New York","005","Bronx","40.8679","-73.87809"
"05/06/2016","AQS","360050133","1","15","ppb","14","PFIZER LAB SITE","24","100.0000","42602","Nitrogen dioxide (NO2)","35620","New York-Newark-Jersey City, NY-NJ-PA","36","New York","005","Bronx","40.8679","-73.87809"
"05/07/2016","AQS","360050133","1","30.4","ppb","28","PFIZER LAB SITE","24","100.0000","42602","Nitrogen dioxide (NO2)","35620","New York-Newark-Jersey City, NY-NJ-PA","36","New York","005","Bronx","40.8679","-73.87809"
"05/08/2016","AQS","360050133","1","31.3","ppb","29","PFIZER LAB SITE","24","100.0000","42602","Nitrogen dioxide (NO2)","35620","New York-Newark-Jersey City, NY-NJ-PA","36","New York","005","Bronx","40.8679","-73.87809"
"05/09/2016","AQS","360050133","1","35.8","ppb","33","PFIZER LAB SITE","21","88.0000","42602","Nitrogen dioxide (NO2)","35620","New York-Newark-Jersey City, NY-NJ-PA","36","New York","005","Bronx","40.8679","-73.87809"
"05/10/2016","AQS","360050133","1","25.8","ppb","24","PFIZER LAB SITE","24","100.0000","42602","Nitrogen dioxide (NO2)","35620","New York-Newark-Jersey City, NY-NJ-PA","36","New York","005","Bronx","40.8679","-73.87809"
"05/11/2016","AQS","360050133","1","58.4","ppb","55","PFIZER LAB SITE","24","100.0000","42602","Nitrogen dioxide (NO2)","35620","New York-Newark-Jersey City, NY-NJ-PA","36","New York","005","Bronx","40.8679","-73.87809"
"05/12/2016","AQS","360050133","1","48.1","ppb","45","PFIZER LAB SITE","24","100.0000","42602","Nitrogen dioxide (NO2)","35620","New York-Newark-Jersey City, NY-NJ-PA","36","New York","005","Bronx","40.8679","-73.87809"
"05/13/2016","AQS","360050133","1","49.4","ppb","46","PFIZER LAB SITE","24","100.0000","42602","Nitrogen dioxide (NO2)","35620","New York-Newark-Jersey City, NY-NJ-PA","36","New York","005","Bronx","40.8679","-73.87809"
"05/14/2016","AQS","360050133","1","20.6","ppb","19","PFIZER LAB SITE","24","100.0000","42602","Nitrogen dioxide (NO2)","35620","New York-Newark-Jersey City, NY-NJ-PA","36","New York","005","Bronx","40.8679","-73.87809"
"05/15/2016","AQS","360050133","1","11","ppb","10","PFIZER LAB SITE","24","100.0000","42602","Nitrogen dioxide (NO2)","35620","New York-Newark-Jersey City, NY-NJ-PA","36","New York","005","Bronx","40.8679","-73.87809"
"05/16/2016","AQS","360050133","1","24.3","ppb","23","PFIZER LAB SITE","24","100.0000","42602","Nitrogen dioxide (NO2)","35620","New York-Newark-Jersey City, NY-NJ-PA","36","New York","005","Bronx","40.8679","-73.87809"
"05/17/2016","AQS","360050133","1","35.9","ppb","33","PFIZER LAB SITE","24","100.0000","42602","Nitrogen dioxide (NO2)","35620","New York-Newark-Jersey City, NY-NJ-PA","36","New York","005","Bronx","40.8679","-73.87809"
"05/18/2016","AQS","360050133","1","30.9","ppb","28","PFIZER LAB SITE","24","100.0000","42602","Nitrogen dioxide (NO2)","35620","New York-Newark-Jersey City, NY-NJ-PA","36","New York","005","Bronx","40.8679","-73.87809"
"05/19/2016","AQS","360050133","1","50.5","ppb","47","PFIZER LAB SITE","24","100.0000","42602","Nitrogen dioxide (NO2)","35620","New York-Newark-Jersey City, NY-NJ-PA","36","New York","005","Bronx","40.8679","-73.87809"
"05/20/2016","AQS","360050133","1","32.2","ppb","30","PFIZER LAB SITE","24","100.0000","42602","Nitrogen dioxide (NO2)","35620","New York-Newark-Jersey City, NY-NJ-PA","36","New York","005","Bronx","40.8679","-73.87809"
"05/21/2016","AQS","360050133","1","41.8","ppb","39","PFIZER LAB SITE","24","100.0000","42602","Nitrogen dioxide (NO2)","35620","New York-Newark-Jersey City, NY-NJ-PA","36","New York","005","Bronx","40.8679","-73.87809"
"05/22/2016","AQS","360050133","1","34.4","ppb","32","PFIZER LAB SITE","24","100.0000","42602","Nitrogen dioxide (NO2)","35620","New York-Newark-Jersey City, NY-NJ-PA","36","New York","005","Bronx","40.8679","-73.87809"
"05/23/2016","AQS","360050133","1","27.3","ppb","25","PFIZER LAB SITE","24","100.0000","42602","Nitrogen dioxide (NO2)","35620","New York-Newark-Jersey City, NY-NJ-PA","36","New York","005","Bronx","40.8679","-73.87809"
"05/24/2016","AQS","360050133","1","35.1","ppb","33","PFIZER LAB SITE","24","100.0000","42602","Nitrogen dioxide (NO2)","35620","New York-Newark-Jersey City, NY-NJ-PA","36","New York","005","Bronx","40.8679","-73.87809"
"05/25/2016","AQS","360050133","1","35.1","ppb","33","PFIZER LAB SITE","24","100.0000","42602","Nitrogen dioxide (NO2)","35620","New York-Newark-Jersey City, NY-NJ-PA","36","New York","005","Bronx","40.8679","-73.87809"
"05/26/2016","AQS","360050133","1","53","ppb","50","PFIZER LAB SITE","24","100.0000","42602","Nitrogen dioxide (NO2)","35620","New York-Newark-Jersey City, NY-NJ-PA","36","New York","005","Bronx","40.8679","-73.87809"
"05/27/2016","AQS","360050133","1","34.7","ppb","32","PFIZER LAB SITE","19","79.0000","42602","Nitrogen dioxide (NO2)","35620","New York-Newark-Jersey City, NY-NJ-PA","36","New York","005","Bronx","40.8679","-73.87809"
"05/28/2016","AQS","360050133","1","38.6","ppb","36","PFIZER LAB SITE","24","100.0000","42602","Nitrogen dioxide (NO2)","35620","New York-Newark-Jersey City, NY-NJ-PA","36","New York","005","Bronx","40.8679","-73.87809"
"05/29/2016","AQS","360050133","1","18.7","ppb","17","PFIZER LAB SITE","24","100.0000","42602","Nitrogen dioxide (NO2)","35620","New York-Newark-Jersey City, NY-NJ-PA","36","New York","005","Bronx","40.8679","-73.87809"
"05/30/2016","AQS","360050133","1","22.1","ppb","21","PFIZER LAB SITE","24","100.0000","42602","Nitrogen dioxide (NO2)","35620","New York-Newark-Jersey City, NY-NJ-PA","36","New York","005","Bronx","40.8679","-73.87809"
"05/31/2016","AQS","360050133","1","42","ppb","40","PFIZER LAB SITE","24","100.0000","42602","Nitrogen dioxide (NO2)","35620","New York-Newark-Jersey City, NY-NJ-PA","36","New York","005","Bronx","40.8679","-73.87809"
"06/01/2016","AQS","360050133","1","33.6","ppb","31","PFIZER LAB SITE","24","100.0000","42602","Nitrogen dioxide (NO2)","35620","New York-Newark-Jersey City, NY-NJ-PA","36","New York","005","Bronx","40.8679","-73.87809"
"06/02/2016","AQS","360050133","1","8.3","ppb","8","PFIZER LAB SITE","24","100.0000","42602","Nitrogen dioxide (NO2)","35620","New York-Newark-Jersey City, NY-NJ-PA","36","New York","005","Bronx","40.8679","-73.87809"
"06/03/2016","AQS","360050133","1","33.5","ppb","31","PFIZER LAB SITE","22","92.0000","42602","Nitrogen dioxide (NO2)","35620","New York-Newark-Jersey City, NY-NJ-PA","36","New York","005","Bronx","40.8679","-73.87809"
"06/04/2016","AQS","360050133","1","28.3","ppb","26","PFIZER LAB SITE","24","100.0000","42602","Nitrogen dioxide (NO2)","35620","New York-Newark-Jersey City, NY-NJ-PA","36","New York","005","Bronx","40.8679","-73.87809"
"06/05/2016","AQS","360050133","1","21.7","ppb","20","PFIZER LAB SITE","24","100.0000","42602","Nitrogen dioxide (NO2)","35620","New York-Newark-Jersey City, NY-NJ-PA","36","New York","005","Bronx","40.8679","-73.87809"
"06/06/2016","AQS","360050133","1","20.3","ppb","19","PFIZER LAB SITE","21","88.0000","42602","Nitrogen dioxide (NO2)","35620","New York-Newark-Jersey City, NY-NJ-PA","36","New York","005","Bronx","40.8679","-73.87809"
"06/07/2016","AQS","360050133","1","21.9","ppb","20","PFIZER LAB SITE","24","100.0000","42602","Nitrogen dioxide (NO2)","35620","New York-Newark-Jersey City, NY-NJ-PA","36","New York","005","Bronx","40.8679","-73.87809"
"06/08/2016","AQS","360050133","1","11.2","ppb","10","PFIZER LAB SITE","24","100.0000","42602","Nitrogen dioxide (NO2)","35620","New York-Newark-Jersey City, NY-NJ-PA","36","New York","005","Bronx","40.8679","-73.87809"
"06/09/2016","AQS","360050133","1","10.1","ppb","9","PFIZER LAB SITE","24","100.0000","42602","Nitrogen dioxide (NO2)","35620","New York-Newark-Jersey City, NY-NJ-PA","36","New York","005","Bronx","40.8679","-73.87809"
"06/10/2016","AQS","360050133","1","20.7","ppb","19","PFIZER LAB SITE","24","100.0000","42602","Nitrogen dioxide (NO2)","35620","New York-Newark-Jersey City, NY-NJ-PA","36","New York","005","Bronx","40.8679","-73.87809"
"06/11/2016","AQS","360050133","1","46.7","ppb","43","PFIZER LAB SITE","24","100.0000","42602","Nitrogen dioxide (NO2)","35620","New York-Newark-Jersey City, NY-NJ-PA","36","New York","005","Bronx","40.8679","-73.87809"
"06/12/2016","AQS","360050133","1","42.8","ppb","40","PFIZER LAB SITE","24","100.0000","42602","Nitrogen dioxide (NO2)","35620","New York-Newark-Jersey City, NY-NJ-PA","36","New York","005","Bronx","40.8679","-73.87809"
"06/13/2016","AQS","360050133","1","6.8","ppb","6","PFIZER LAB SITE","23","96.0000","42602","Nitrogen dioxide (NO2)","35620","New York-Newark-Jersey City, NY-NJ-PA","36","New York","005","Bronx","40.8679","-73.87809"
"06/14/2016","AQS","360050133","1","16.4","ppb","15","PFIZER LAB SITE","24","100.0000","42602","Nitrogen dioxide (NO2)","35620","New York-Newark-Jersey City, NY-NJ-PA","36","New York","005","Bronx","40.8679","-73.87809"
"06/15/2016","AQS","360050133","1","34.9","ppb","32","PFIZER LAB SITE","24","100.0000","42602","Nitrogen dioxide (NO2)","35620","New York-Newark-Jersey City, NY-NJ-PA","36","New York","005","Bronx","40.8679","-73.87809"
"06/16/2016","AQS","360050133","1","50.7","ppb","47","PFIZER LAB SITE","24","100.0000","42602","Nitrogen dioxide (NO2)","35620","New York-Newark-Jersey City, NY-NJ-PA","36","New York","005","Bronx","40.8679","-73.87809"
"06/17/2016","AQS","360050133","1","36","ppb","34","PFIZER LAB SITE","24","100.0000","42602","Nitrogen dioxide (NO2)","35620","New York-Newark-Jersey City, NY-NJ-PA","36","New York","005","Bronx","40.8679","-73.87809"
"06/18/2016","AQS","360050133","1","27.5","ppb","25","PFIZER LAB SITE","24","100.0000","42602","Nitrogen dioxide (NO2)","35620","New York-Newark-Jersey City, NY-NJ-PA","36","New York","005","Bronx","40.8679","-73.87809"
"06/19/2016","AQS","360050133","1","25.6","ppb","24","PFIZER LAB SITE","24","100.0000","42602","Nitrogen dioxide (NO2)","35620","New York-Newark-Jersey City, NY-NJ-PA","36","New York","005","Bronx","40.8679","-73.87809"
"06/20/2016","AQS","360050133","1","44.8","ppb","42","PFIZER LAB SITE","22","92.0000","42602","Nitrogen dioxide (NO2)","35620","New York-Newark-Jersey City, NY-NJ-PA","36","New York","005","Bronx","40.8679","-73.87809"
"06/21/2016","AQS","360050133","1","18.2","ppb","17","PFIZER LAB SITE","24","100.0000","42602","Nitrogen dioxide (NO2)","35620","New York-Newark-Jersey City, NY-NJ-PA","36","New York","005","Bronx","40.8679","-73.87809"
"06/22/2016","AQS","360050133","1","34.2","ppb","32","PFIZER LAB SITE","24","100.0000","42602","Nitrogen dioxide (NO2)","35620","New York-Newark-Jersey City, NY-NJ-PA","36","New York","005","Bronx","40.8679","-73.87809"
"06/23/2016","AQS","360050133","1","35.5","ppb","33","PFIZER LAB SITE","24","100.0000","42602","Nitrogen dioxide (NO2)","35620","New York-Newark-Jersey City, NY-NJ-PA","36","New York","005","Bronx","40.8679","-73.87809"
"06/24/2016","AQS","360050133","1","22","ppb","21","PFIZER LAB SITE","24","100.0000","42602","Nitrogen dioxide (NO2)","35620","New York-Newark-Jersey City, NY-NJ-PA","36","New York","005","Bronx","40.8679","-73.87809"
"06/25/2016","AQS","360050133","1","19","ppb","18","PFIZER LAB SITE","24","100.0000","42602","Nitrogen dioxide (NO2)","35620","New York-Newark-Jersey City, NY-NJ-PA","36","New York","005","Bronx","40.8679","-73.87809"
"06/26/2016","AQS","360050133","1","38.8","ppb","36","PFIZER LAB SITE","24","100.0000","42602","Nitrogen dioxide (NO2)","35620","New York-Newark-Jersey City, NY-NJ-PA","36","New York","005","Bronx","40.8679","-73.87809"
"06/28/2016","AQS","360050133","1","17.6","ppb","16","PFIZER LAB SITE","20","83.0000","42602","Nitrogen dioxide (NO2)","35620","New York-Newark-Jersey City, NY-NJ-PA","36","New York","005","Bronx","40.8679","-73.87809"
"06/29/2016","AQS","360050133","1","15.3","ppb","14","PFIZER LAB SITE","24","100.0000","42602","Nitrogen dioxide (NO2)","35620","New York-Newark-Jersey City, NY-NJ-PA","36","New York","005","Bronx","40.8679","-73.87809"
"06/30/2016","AQS","360050133","1","24","ppb","23","PFIZER LAB SITE","24","100.0000","42602","Nitrogen dioxide (NO2)","35620","New York-Newark-Jersey City, NY-NJ-PA","36","New York","005","Bronx","40.8679","-73.87809"
"07/01/2016","AQS","360050133","1","33.2","ppb","31","PFIZER LAB SITE","24","100.0000","42602","Nitrogen dioxide (NO2)","35620","New York-Newark-Jersey City, NY-NJ-PA","36","New York","005","Bronx","40.8679","-73.87809"
"07/02/2016","AQS","360050133","1","27.5","ppb","25","PFIZER LAB SITE","24","100.0000","42602","Nitrogen dioxide (NO2)","35620","New York-Newark-Jersey City, NY-NJ-PA","36","New York","005","Bronx","40.8679","-73.87809"
"07/03/2016","AQS","360050133","1","14.7","ppb","13","PFIZER LAB SITE","24","100.0000","42602","Nitrogen dioxide (NO2)","35620","New York-Newark-Jersey City, NY-NJ-PA","36","New York","005","Bronx","40.8679","-73.87809"
"07/04/2016","AQS","360050133","1","20.8","ppb","19","PFIZER LAB SITE","24","100.0000","42602","Nitrogen dioxide (NO2)","35620","New York-Newark-Jersey City, NY-NJ-PA","36","New York","005","Bronx","40.8679","-73.87809"
"07/05/2016","AQS","360050133","1","17.6","ppb","16","PFIZER LAB SITE","21","88.0000","42602","Nitrogen dioxide (NO2)","35620","New York-Newark-Jersey City, NY-NJ-PA","36","New York","005","Bronx","40.8679","-73.87809"
"07/06/2016","AQS","360050133","1","43.4","ppb","41","PFIZER LAB SITE","24","100.0000","42602","Nitrogen dioxide (NO2)","35620","New York-Newark-Jersey City, NY-NJ-PA","36","New York","005","Bronx","40.8679","-73.87809"
"07/07/2016","AQS","360050133","1","42.7","ppb","40","PFIZER LAB SITE","24","100.0000","42602","Nitrogen dioxide (NO2)","35620","New York-Newark-Jersey City, NY-NJ-PA","36","New York","005","Bronx","40.8679","-73.87809"
"07/08/2016","AQS","360050133","1","31.4","ppb","29","PFIZER LAB SITE","24","100.0000","42602","Nitrogen dioxide (NO2)","35620","New York-Newark-Jersey City, NY-NJ-PA","36","New York","005","Bronx","40.8679","-73.87809"
"07/09/2016","AQS","360050133","1","9.2","ppb","8","PFIZER LAB SITE","24","100.0000","42602","Nitrogen dioxide (NO2)","35620","New York-Newark-Jersey City, NY-NJ-PA","36","New York","005","Bronx","40.8679","-73.87809"
"07/10/2016","AQS","360050133","1","10.8","ppb","9","PFIZER LAB SITE","24","100.0000","42602","Nitrogen dioxide (NO2)","35620","New York-Newark-Jersey City, NY-NJ-PA","36","New York","005","Bronx","40.8679","-73.87809"
"07/11/2016","AQS","360050133","1","22.9","ppb","21","PFIZER LAB SITE","23","96.0000","42602","Nitrogen dioxide (NO2)","35620","New York-Newark-Jersey City, NY-NJ-PA","36","New York","005","Bronx","40.8679","-73.87809"
"07/12/2016","AQS","360050133","1","29.4","ppb","27","PFIZER LAB SITE","24","100.0000","42602","Nitrogen dioxide (NO2)","35620","New York-Newark-Jersey City, NY-NJ-PA","36","New York","005","Bronx","40.8679","-73.87809"
"07/13/2016","AQS","360050133","1","32","ppb","30","PFIZER LAB SITE","24","100.0000","42602","Nitrogen dioxide (NO2)","35620","New York-Newark-Jersey City, NY-NJ-PA","36","New York","005","Bronx","40.8679","-73.87809"
"07/14/2016","AQS","360050133","1","56.1","ppb","53","PFIZER LAB SITE","24","100.0000","42602","Nitrogen dioxide (NO2)","35620","New York-Newark-Jersey City, NY-NJ-PA","36","New York","005","Bronx","40.8679","-73.87809"
"07/15/2016","AQS","360050133","1","27.7","ppb","25","PFIZER LAB SITE","24","100.0000","42602","Nitrogen dioxide (NO2)","35620","New York-Newark-Jersey City, NY-NJ-PA","36","New York","005","Bronx","40.8679","-73.87809"
"07/16/2016","AQS","360050133","1","17.8","ppb","16","PFIZER LAB SITE","24","100.0000","42602","Nitrogen dioxide (NO2)","35620","New York-Newark-Jersey City, NY-NJ-PA","36","New York","005","Bronx","40.8679","-73.87809"
"07/17/2016","AQS","360050133","1","18.8","ppb","17","PFIZER LAB SITE","24","100.0000","42602","Nitrogen dioxide (NO2)","35620","New York-Newark-Jersey City, NY-NJ-PA","36","New York","005","Bronx","40.8679","-73.87809"
"07/18/2016","AQS","360050133","1","28.4","ppb","26","PFIZER LAB SITE","22","92.0000","42602","Nitrogen dioxide (NO2)","35620","New York-Newark-Jersey City, NY-NJ-PA","36","New York","005","Bronx","40.8679","-73.87809"
"07/19/2016","AQS","360050133","1","11.8","ppb","10","PFIZER LAB SITE","24","100.0000","42602","Nitrogen dioxide (NO2)","35620","New York-Newark-Jersey City, NY-NJ-PA","36","New York","005","Bronx","40.8679","-73.87809"
"07/20/2016","AQS","360050133","1","37.1","ppb","35","PFIZER LAB SITE","24","100.0000","42602","Nitrogen dioxide (NO2)","35620","New York-Newark-Jersey City, NY-NJ-PA","36","New York","005","Bronx","40.8679","-73.87809"
"07/21/2016","AQS","360050133","1","28.1","ppb","26","PFIZER LAB SITE","24","100.0000","42602","Nitrogen dioxide (NO2)","35620","New York-Newark-Jersey City, NY-NJ-PA","36","New York","005","Bronx","40.8679","-73.87809"
"07/22/2016","AQS","360050133","1","23.9","ppb","22","PFIZER LAB SITE","24","100.0000","42602","Nitrogen dioxide (NO2)","35620","New York-Newark-Jersey City, NY-NJ-PA","36","New York","005","Bronx","40.8679","-73.87809"
"07/23/2016","AQS","360050133","1","10.9","ppb","9","PFIZER LAB SITE","24","100.0000","42602","Nitrogen dioxide (NO2)","35620","New York-Newark-Jersey City, NY-NJ-PA","36","New York","005","Bronx","40.8679","-73.87809"
"07/24/2016","AQS","360050133","1","25.1","ppb","24","PFIZER LAB SITE","24","100.0000","42602","Nitrogen dioxide (NO2)","35620","New York-Newark-Jersey City, NY-NJ-PA","36","New York","005","Bronx","40.8679","-73.87809"
"07/25/2016","AQS","360050133","1","38.1","ppb","36","PFIZER LAB SITE","23","96.0000","42602","Nitrogen dioxide (NO2)","35620","New York-Newark-Jersey City, NY-NJ-PA","36","New York","005","Bronx","40.8679","-73.87809"
"07/26/2016","AQS","360050133","1","16.5","ppb","15","PFIZER LAB SITE","24","100.0000","42602","Nitrogen dioxide (NO2)","35620","New York-Newark-Jersey City, NY-NJ-PA","36","New York","005","Bronx","40.8679","-73.87809"
"07/27/2016","AQS","360050133","1","33.1","ppb","31","PFIZER LAB SITE","24","100.0000","42602","Nitrogen dioxide (NO2)","35620","New York-Newark-Jersey City, NY-NJ-PA","36","New York","005","Bronx","40.8679","-73.87809"
"07/28/2016","AQS","360050133","1","33.8","ppb","31","PFIZER LAB SITE","24","100.0000","42602","Nitrogen dioxide (NO2)","35620","New York-Newark-Jersey City, NY-NJ-PA","36","New York","005","Bronx","40.8679","-73.87809"
"07/29/2016","AQS","360050133","1","29.2","ppb","27","PFIZER LAB SITE","24","100.0000","42602","Nitrogen dioxide (NO2)","35620","New York-Newark-Jersey City, NY-NJ-PA","36","New York","005","Bronx","40.8679","-73.87809"
"07/30/2016","AQS","360050133","1","27","ppb","25","PFIZER LAB SITE","24","100.0000","42602","Nitrogen dioxide (NO2)","35620","New York-Newark-Jersey City, NY-NJ-PA","36","New York","005","Bronx","40.8679","-73.87809"
"07/31/2016","AQS","360050133","1","8.3","ppb","8","PFIZER LAB SITE","24","100.0000","42602","Nitrogen dioxide (NO2)","35620","New York-Newark-Jersey City, NY-NJ-PA","36","New York","005","Bronx","40.8679","-73.87809"
"08/01/2016","AQS","360050133","1","7.8","ppb","7","PFIZER LAB SITE","20","83.0000","42602","Nitrogen dioxide (NO2)","35620","New York-Newark-Jersey City, NY-NJ-PA","36","New York","005","Bronx","40.8679","-73.87809"
"08/02/2016","AQS","360050133","1","20.5","ppb","19","PFIZER LAB SITE","24","100.0000","42602","Nitrogen dioxide (NO2)","35620","New York-Newark-Jersey City, NY-NJ-PA","36","New York","005","Bronx","40.8679","-73.87809"
"08/03/2016","AQS","360050133","1","17.2","ppb","16","PFIZER LAB SITE","24","100.0000","42602","Nitrogen dioxide (NO2)","35620","New York-Newark-Jersey City, NY-NJ-PA","36","New York","005","Bronx","40.8679","-73.87809"
"08/04/2016","AQS","360050133","1","20.3","ppb","19","PFIZER LAB SITE","24","100.0000","42602","Nitrogen dioxide (NO2)","35620","New York-Newark-Jersey City, NY-NJ-PA","36","New York","005","Bronx","40.8679","-73.87809"
"08/05/2016","AQS","360050133","1","21.2","ppb","20","PFIZER LAB SITE","24","100.0000","42602","Nitrogen dioxide (NO2)","35620","New York-Newark-Jersey City, NY-NJ-PA","36","New York","005","Bronx","40.8679","-73.87809"
"08/06/2016","AQS","360050133","1","15.2","ppb","14","PFIZER LAB SITE","24","100.0000","42602","Nitrogen dioxide (NO2)","35620","New York-Newark-Jersey City, NY-NJ-PA","36","New York","005","Bronx","40.8679","-73.87809"
"08/07/2016","AQS","360050133","1","14.6","ppb","13","PFIZER LAB SITE","24","100.0000","42602","Nitrogen dioxide (NO2)","35620","New York-Newark-Jersey City, NY-NJ-PA","36","New York","005","Bronx","40.8679","-73.87809"
"08/08/2016","AQS","360050133","1","36.9","ppb","34","PFIZER LAB SITE","23","96.0000","42602","Nitrogen dioxide (NO2)","35620","New York-Newark-Jersey City, NY-NJ-PA","36","New York","005","Bronx","40.8679","-73.87809"
"08/09/2016","AQS","360050133","1","37","ppb","35","PFIZER LAB SITE","24","100.0000","42602","Nitrogen dioxide (NO2)","35620","New York-Newark-Jersey City, NY-NJ-PA","36","New York","005","Bronx","40.8679","-73.87809"
"08/10/2016","AQS","360050133","1","23.2","ppb","22","PFIZER LAB SITE","24","100.0000","42602","Nitrogen dioxide (NO2)","35620","New York-Newark-Jersey City, NY-NJ-PA","36","New York","005","Bronx","40.8679","-73.87809"
"08/11/2016","AQS","360050133","1","24","ppb","23","PFIZER LAB SITE","24","100.0000","42602","Nitrogen dioxide (NO2)","35620","New York-Newark-Jersey City, NY-NJ-PA","36","New York","005","Bronx","40.8679","-73.87809"
"08/12/2016","AQS","360050133","1","30.1","ppb","28","PFIZER LAB SITE","24","100.0000","42602","Nitrogen dioxide (NO2)","35620","New York-Newark-Jersey City, NY-NJ-PA","36","New York","005","Bronx","40.8679","-73.87809"
"08/13/2016","AQS","360050133","1","16.8","ppb","15","PFIZER LAB SITE","24","100.0000","42602","Nitrogen dioxide (NO2)","35620","New York-Newark-Jersey City, NY-NJ-PA","36","New York","005","Bronx","40.8679","-73.87809"
"08/14/2016","AQS","360050133","1","22.9","ppb","21","PFIZER LAB SITE","24","100.0000","42602","Nitrogen dioxide (NO2)","35620","New York-Newark-Jersey City, NY-NJ-PA","36","New York","005","Bronx","40.8679","-73.87809"
"08/15/2016","AQS","360050133","1","23.9","ppb","22","PFIZER LAB SITE","21","88.0000","42602","Nitrogen dioxide (NO2)","35620","New York-Newark-Jersey City, NY-NJ-PA","36","New York","005","Bronx","40.8679","-73.87809"
"08/16/2016","AQS","360050133","1","25.5","ppb","24","PFIZER LAB SITE","24","100.0000","42602","Nitrogen dioxide (NO2)","35620","New York-Newark-Jersey City, NY-NJ-PA","36","New York","005","Bronx","40.8679","-73.87809"
"08/17/2016","AQS","360050133","1","12.6","ppb","11","PFIZER LAB SITE","24","100.0000","42602","Nitrogen dioxide (NO2)","35620","New York-Newark-Jersey City, NY-NJ-PA","36","New York","005","Bronx","40.8679","-73.87809"
"08/18/2016","AQS","360050133","1","26","ppb","25","PFIZER LAB SITE","24","100.0000","42602","Nitrogen dioxide (NO2)","35620","New York-Newark-Jersey City, NY-NJ-PA","36","New York","005","Bronx","40.8679","-73.87809"
"08/19/2016","AQS","360050133","1","34.9","ppb","32","PFIZER LAB SITE","24","100.0000","42602","Nitrogen dioxide (NO2)","35620","New York-Newark-Jersey City, NY-NJ-PA","36","New York","005","Bronx","40.8679","-73.87809"
"08/20/2016","AQS","360050133","1","42.2","ppb","40","PFIZER LAB SITE","24","100.0000","42602","Nitrogen dioxide (NO2)","35620","New York-Newark-Jersey City, NY-NJ-PA","36","New York","005","Bronx","40.8679","-73.87809"
"08/21/2016","AQS","360050133","1","10.9","ppb","9","PFIZER LAB SITE","24","100.0000","42602","Nitrogen dioxide (NO2)","35620","New York-Newark-Jersey City, NY-NJ-PA","36","New York","005","Bronx","40.8679","-73.87809"
"08/22/2016","AQS","360050133","1","10.7","ppb","9","PFIZER LAB SITE","23","96.0000","42602","Nitrogen dioxide (NO2)","35620","New York-Newark-Jersey City, NY-NJ-PA","36","New York","005","Bronx","40.8679","-73.87809"
"08/23/2016","AQS","360050133","1","35.3","ppb","33","PFIZER LAB SITE","24","100.0000","42602","Nitrogen dioxide (NO2)","35620","New York-Newark-Jersey City, NY-NJ-PA","36","New York","005","Bronx","40.8679","-73.87809"
"08/24/2016","AQS","360050133","1","36.3","ppb","34","PFIZER LAB SITE","24","100.0000","42602","Nitrogen dioxide (NO2)","35620","New York-Newark-Jersey City, NY-NJ-PA","36","New York","005","Bronx","40.8679","-73.87809"
"08/25/2016","AQS","360050133","1","33.2","ppb","31","PFIZER LAB SITE","24","100.0000","42602","Nitrogen dioxide (NO2)","35620","New York-Newark-Jersey City, NY-NJ-PA","36","New York","005","Bronx","40.8679","-73.87809"
"08/26/2016","AQS","360050133","1","27.3","ppb","25","PFIZER LAB SITE","24","100.0000","42602","Nitrogen dioxide (NO2)","35620","New York-Newark-Jersey City, NY-NJ-PA","36","New York","005","Bronx","40.8679","-73.87809"
"08/27/2016","AQS","360050133","1","30.8","ppb","28","PFIZER LAB SITE","24","100.0000","42602","Nitrogen dioxide (NO2)","35620","New York-Newark-Jersey City, NY-NJ-PA","36","New York","005","Bronx","40.8679","-73.87809"
"08/28/2016","AQS","360050133","1","29.9","ppb","27","PFIZER LAB SITE","24","100.0000","42602","Nitrogen dioxide (NO2)","35620","New York-Newark-Jersey City, NY-NJ-PA","36","New York","005","Bronx","40.8679","-73.87809"
"08/29/2016","AQS","360050133","1","18.3","ppb","17","PFIZER LAB SITE","21","88.0000","42602","Nitrogen dioxide (NO2)","35620","New York-Newark-Jersey City, NY-NJ-PA","36","New York","005","Bronx","40.8679","-73.87809"
"08/30/2016","AQS","360050133","1","19.4","ppb","18","PFIZER LAB SITE","24","100.0000","42602","Nitrogen dioxide (NO2)","35620","New York-Newark-Jersey City, NY-NJ-PA","36","New York","005","Bronx","40.8679","-73.87809"
"08/31/2016","AQS","360050133","1","18","ppb","17","PFIZER LAB SITE","24","100.0000","42602","Nitrogen dioxide (NO2)","35620","New York-Newark-Jersey City, NY-NJ-PA","36","New York","005","Bronx","40.8679","-73.87809"
"09/01/2016","AQS","360050133","1","29.8","ppb","27","PFIZER LAB SITE","24","100.0000","42602","Nitrogen dioxide (NO2)","35620","New York-Newark-Jersey City, NY-NJ-PA","36","New York","005","Bronx","40.8679","-73.87809"
"09/02/2016","AQS","360050133","1","14.6","ppb","13","PFIZER LAB SITE","24","100.0000","42602","Nitrogen dioxide (NO2)","35620","New York-Newark-Jersey City, NY-NJ-PA","36","New York","005","Bronx","40.8679","-73.87809"
"09/03/2016","AQS","360050133","1","12","ppb","11","PFIZER LAB SITE","24","100.0000","42602","Nitrogen dioxide (NO2)","35620","New York-Newark-Jersey City, NY-NJ-PA","36","New York","005","Bronx","40.8679","-73.87809"
"09/04/2016","AQS","360050133","1","10.9","ppb","9","PFIZER LAB SITE","24","100.0000","42602","Nitrogen dioxide (NO2)","35620","New York-Newark-Jersey City, NY-NJ-PA","36","New York","005","Bronx","40.8679","-73.87809"
"09/05/2016","AQS","360050133","1","12.4","ppb","11","PFIZER LAB SITE","24","100.0000","42602","Nitrogen dioxide (NO2)","35620","New York-Newark-Jersey City, NY-NJ-PA","36","New York","005","Bronx","40.8679","-73.87809"
"09/06/2016","AQS","360050133","1","10.3","ppb","9","PFIZER LAB SITE","23","96.0000","42602","Nitrogen dioxide (NO2)","35620","New York-Newark-Jersey City, NY-NJ-PA","36","New York","005","Bronx","40.8679","-73.87809"
"09/07/2016","AQS","360050133","1","9.1","ppb","8","PFIZER LAB SITE","24","100.0000","42602","Nitrogen dioxide (NO2)","35620","New York-Newark-Jersey City, NY-NJ-PA","36","New York","005","Bronx","40.8679","-73.87809"
"09/08/2016","AQS","360050133","1","49.9","ppb","46","PFIZER LAB SITE","24","100.0000","42602","Nitrogen dioxide (NO2)","35620","New York-Newark-Jersey City, NY-NJ-PA","36","New York","005","Bronx","40.8679","-73.87809"
"09/09/2016","AQS","360050133","1","18","ppb","17","PFIZER LAB SITE","24","100.0000","42602","Nitrogen dioxide (NO2)","35620","New York-Newark-Jersey City, NY-NJ-PA","36","New York","005","Bronx","40.8679","-73.87809"
"09/10/2016","AQS","360050133","1","19.2","ppb","18","PFIZER LAB SITE","24","100.0000","42602","Nitrogen dioxide (NO2)","35620","New York-Newark-Jersey City, NY-NJ-PA","36","New York","005","Bronx","40.8679","-73.87809"
"09/11/2016","AQS","360050133","1","11","ppb","10","PFIZER LAB SITE","24","100.0000","42602","Nitrogen dioxide (NO2)","35620","New York-Newark-Jersey City, NY-NJ-PA","36","New York","005","Bronx","40.8679","-73.87809"
"09/12/2016","AQS","360050133","1","17.7","ppb","16","PFIZER LAB SITE","21","88.0000","42602","Nitrogen dioxide (NO2)","35620","New York-Newark-Jersey City, NY-NJ-PA","36","New York","005","Bronx","40.8679","-73.87809"
"09/13/2016","AQS","360050133","1","27","ppb","25","PFIZER LAB SITE","24","100.0000","42602","Nitrogen dioxide (NO2)","35620","New York-Newark-Jersey City, NY-NJ-PA","36","New York","005","Bronx","40.8679","-73.87809"
"09/14/2016","AQS","360050133","1","28.6","ppb","26","PFIZER LAB SITE","24","100.0000","42602","Nitrogen dioxide (NO2)","35620","New York-Newark-Jersey City, NY-NJ-PA","36","New York","005","Bronx","40.8679","-73.87809"
"09/15/2016","AQS","360050133","1","12.2","ppb","11","PFIZER LAB SITE","24","100.0000","42602","Nitrogen dioxide (NO2)","35620","New York-Newark-Jersey City, NY-NJ-PA","36","New York","005","Bronx","40.8679","-73.87809"
"09/16/2016","AQS","360050133","1","23.8","ppb","22","PFIZER LAB SITE","24","100.0000","42602","Nitrogen dioxide (NO2)","35620","New York-Newark-Jersey City, NY-NJ-PA","36","New York","005","Bronx","40.8679","-73.87809"
"09/17/2016","AQS","360050133","1","25.3","ppb","24","PFIZER LAB SITE","24","100.0000","42602","Nitrogen dioxide (NO2)","35620","New York-Newark-Jersey City, NY-NJ-PA","36","New York","005","Bronx","40.8679","-73.87809"
"09/18/2016","AQS","360050133","1","18.8","ppb","17","PFIZER LAB SITE","24","100.0000","42602","Nitrogen dioxide (NO2)","35620","New York-Newark-Jersey City, NY-NJ-PA","36","New York","005","Bronx","40.8679","-73.87809"
"09/19/2016","AQS","360050133","1","26.7","ppb","25","PFIZER LAB SITE","23","96.0000","42602","Nitrogen dioxide (NO2)","35620","New York-Newark-Jersey City, NY-NJ-PA","36","New York","005","Bronx","40.8679","-73.87809"
"09/20/2016","AQS","360050133","1","47.5","ppb","44","PFIZER LAB SITE","24","100.0000","42602","Nitrogen dioxide (NO2)","35620","New York-Newark-Jersey City, NY-NJ-PA","36","New York","005","Bronx","40.8679","-73.87809"
"09/21/2016","AQS","360050133","1","40.1","ppb","38","PFIZER LAB SITE","24","100.0000","42602","Nitrogen dioxide (NO2)","35620","New York-Newark-Jersey City, NY-NJ-PA","36","New York","005","Bronx","40.8679","-73.87809"
"09/22/2016","AQS","360050133","1","29.4","ppb","27","PFIZER LAB SITE","24","100.0000","42602","Nitrogen dioxide (NO2)","35620","New York-Newark-Jersey City, NY-NJ-PA","36","New York","005","Bronx","40.8679","-73.87809"
"09/23/2016","AQS","360050133","1","53.5","ppb","50","PFIZER LAB SITE","24","100.0000","42602","Nitrogen dioxide (NO2)","35620","New York-Newark-Jersey City, NY-NJ-PA","36","New York","005","Bronx","40.8679","-73.87809"
"09/24/2016","AQS","360050133","1","20.3","ppb","19","PFIZER LAB SITE","24","100.0000","42602","Nitrogen dioxide (NO2)","35620","New York-Newark-Jersey City, NY-NJ-PA","36","New York","005","Bronx","40.8679","-73.87809"
"09/25/2016","AQS","360050133","1","35.7","ppb","33","PFIZER LAB SITE","24","100.0000","42602","Nitrogen dioxide (NO2)","35620","New York-Newark-Jersey City, NY-NJ-PA","36","New York","005","Bronx","40.8679","-73.87809"
"09/26/2016","AQS","360050133","1","22.9","ppb","21","PFIZER LAB SITE","21","88.0000","42602","Nitrogen dioxide (NO2)","35620","New York-Newark-Jersey City, NY-NJ-PA","36","New York","005","Bronx","40.8679","-73.87809"
"09/27/2016","AQS","360050133","1","31","ppb","29","PFIZER LAB SITE","24","100.0000","42602","Nitrogen dioxide (NO2)","35620","New York-Newark-Jersey City, NY-NJ-PA","36","New York","005","Bronx","40.8679","-73.87809"
"09/28/2016","AQS","360050133","1","29.8","ppb","27","PFIZER LAB SITE","24","100.0000","42602","Nitrogen dioxide (NO2)","35620","New York-Newark-Jersey City, NY-NJ-PA","36","New York","005","Bronx","40.8679","-73.87809"
"09/29/2016","AQS","360050133","1","9.1","ppb","8","PFIZER LAB SITE","24","100.0000","42602","Nitrogen dioxide (NO2)","35620","New York-Newark-Jersey City, NY-NJ-PA","36","New York","005","Bronx","40.8679","-73.87809"
"09/30/2016","AQS","360050133","1","7.8","ppb","7","PFIZER LAB SITE","24","100.0000","42602","Nitrogen dioxide (NO2)","35620","New York-Newark-Jersey City, NY-NJ-PA","36","New York","005","Bronx","40.8679","-73.87809"
"10/01/2016","AQS","360050133","1","6.6","ppb","6","PFIZER LAB SITE","24","100.0000","42602","Nitrogen dioxide (NO2)","35620","New York-Newark-Jersey City, NY-NJ-PA","36","New York","005","Bronx","40.8679","-73.87809"
"10/02/2016","AQS","360050133","1","18.7","ppb","17","PFIZER LAB SITE","24","100.0000","42602","Nitrogen dioxide (NO2)","35620","New York-Newark-Jersey City, NY-NJ-PA","36","New York","005","Bronx","40.8679","-73.87809"
"10/03/2016","AQS","360050133","1","39.5","ppb","37","PFIZER LAB SITE","22","92.0000","42602","Nitrogen dioxide (NO2)","35620","New York-Newark-Jersey City, NY-NJ-PA","36","New York","005","Bronx","40.8679","-73.87809"
"10/04/2016","AQS","360050133","1","21.9","ppb","20","PFIZER LAB SITE","24","100.0000","42602","Nitrogen dioxide (NO2)","35620","New York-Newark-Jersey City, NY-NJ-PA","36","New York","005","Bronx","40.8679","-73.87809"
"10/05/2016","AQS","360050133","1","30.4","ppb","28","PFIZER LAB SITE","24","100.0000","42602","Nitrogen dioxide (NO2)","35620","New York-Newark-Jersey City, NY-NJ-PA","36","New York","005","Bronx","40.8679","-73.87809"
"10/06/2016","AQS","360050133","1","38.3","ppb","36","PFIZER LAB SITE","24","100.0000","42602","Nitrogen dioxide (NO2)","35620","New York-Newark-Jersey City, NY-NJ-PA","36","New York","005","Bronx","40.8679","-73.87809"
"10/07/2016","AQS","360050133","1","37","ppb","35","PFIZER LAB SITE","24","100.0000","42602","Nitrogen dioxide (NO2)","35620","New York-Newark-Jersey City, NY-NJ-PA","36","New York","005","Bronx","40.8679","-73.87809"
"10/08/2016","AQS","360050133","1","30.2","ppb","28","PFIZER LAB SITE","24","100.0000","42602","Nitrogen dioxide (NO2)","35620","New York-Newark-Jersey City, NY-NJ-PA","36","New York","005","Bronx","40.8679","-73.87809"
"10/09/2016","AQS","360050133","1","13.6","ppb","12","PFIZER LAB SITE","24","100.0000","42602","Nitrogen dioxide (NO2)","35620","New York-Newark-Jersey City, NY-NJ-PA","36","New York","005","Bronx","40.8679","-73.87809"
"10/10/2016","AQS","360050133","1","20.7","ppb","19","PFIZER LAB SITE","24","100.0000","42602","Nitrogen dioxide (NO2)","35620","New York-Newark-Jersey City, NY-NJ-PA","36","New York","005","Bronx","40.8679","-73.87809"
"10/11/2016","AQS","360050133","1","25.3","ppb","24","PFIZER LAB SITE","21","88.0000","42602","Nitrogen dioxide (NO2)","35620","New York-Newark-Jersey City, NY-NJ-PA","36","New York","005","Bronx","40.8679","-73.87809"
"10/12/2016","AQS","360050133","1","25.9","ppb","24","PFIZER LAB SITE","24","100.0000","42602","Nitrogen dioxide (NO2)","35620","New York-Newark-Jersey City, NY-NJ-PA","36","New York","005","Bronx","40.8679","-73.87809"
"10/13/2016","AQS","360050133","1","35.7","ppb","33","PFIZER LAB SITE","24","100.0000","42602","Nitrogen dioxide (NO2)","35620","New York-Newark-Jersey City, NY-NJ-PA","36","New York","005","Bronx","40.8679","-73.87809"
"10/14/2016","AQS","360050133","1","34.2","ppb","32","PFIZER LAB SITE","24","100.0000","42602","Nitrogen dioxide (NO2)","35620","New York-Newark-Jersey City, NY-NJ-PA","36","New York","005","Bronx","40.8679","-73.87809"
"10/15/2016","AQS","360050133","1","23.7","ppb","22","PFIZER LAB SITE","24","100.0000","42602","Nitrogen dioxide (NO2)","35620","New York-Newark-Jersey City, NY-NJ-PA","36","New York","005","Bronx","40.8679","-73.87809"
"10/16/2016","AQS","360050133","1","27.7","ppb","25","PFIZER LAB SITE","24","100.0000","42602","Nitrogen dioxide (NO2)","35620","New York-Newark-Jersey City, NY-NJ-PA","36","New York","005","Bronx","40.8679","-73.87809"
"10/17/2016","AQS","360050133","1","45.7","ppb","42","PFIZER LAB SITE","23","96.0000","42602","Nitrogen dioxide (NO2)","35620","New York-Newark-Jersey City, NY-NJ-PA","36","New York","005","Bronx","40.8679","-73.87809"
"10/18/2016","AQS","360050133","1","44.7","ppb","42","PFIZER LAB SITE","24","100.0000","42602","Nitrogen dioxide (NO2)","35620","New York-Newark-Jersey City, NY-NJ-PA","36","New York","005","Bronx","40.8679","-73.87809"
"10/19/2016","AQS","360050133","1","27.8","ppb","25","PFIZER LAB SITE","24","100.0000","42602","Nitrogen dioxide (NO2)","35620","New York-Newark-Jersey City, NY-NJ-PA","36","New York","005","Bronx","40.8679","-73.87809"
"10/20/2016","AQS","360050133","1","21.2","ppb","20","PFIZER LAB SITE","24","100.0000","42602","Nitrogen dioxide (NO2)","35620","New York-Newark-Jersey City, NY-NJ-PA","36","New York","005","Bronx","40.8679","-73.87809"
"10/21/2016","AQS","360050133","1","26.3","ppb","25","PFIZER LAB SITE","24","100.0000","42602","Nitrogen dioxide (NO2)","35620","New York-Newark-Jersey City, NY-NJ-PA","36","New York","005","Bronx","40.8679","-73.87809"
"10/22/2016","AQS","360050133","1","7.4","ppb","7","PFIZER LAB SITE","24","100.0000","42602","Nitrogen dioxide (NO2)","35620","New York-Newark-Jersey City, NY-NJ-PA","36","New York","005","Bronx","40.8679","-73.87809"
"10/23/2016","AQS","360050133","1","20.4","ppb","19","PFIZER LAB SITE","24","100.0000","42602","Nitrogen dioxide (NO2)","35620","New York-Newark-Jersey City, NY-NJ-PA","36","New York","005","Bronx","40.8679","-73.87809"
"10/24/2016","AQS","360050133","1","24","ppb","23","PFIZER LAB SITE","21","88.0000","42602","Nitrogen dioxide (NO2)","35620","New York-Newark-Jersey City, NY-NJ-PA","36","New York","005","Bronx","40.8679","-73.87809"
"10/25/2016","AQS","360050133","1","18.1","ppb","17","PFIZER LAB SITE","24","100.0000","42602","Nitrogen dioxide (NO2)","35620","New York-Newark-Jersey City, NY-NJ-PA","36","New York","005","Bronx","40.8679","-73.87809"
"10/26/2016","AQS","360050133","1","25.5","ppb","24","PFIZER LAB SITE","24","100.0000","42602","Nitrogen dioxide (NO2)","35620","New York-Newark-Jersey City, NY-NJ-PA","36","New York","005","Bronx","40.8679","-73.87809"
"10/27/2016","AQS","360050133","1","24.9","ppb","23","PFIZER LAB SITE","24","100.0000","42602","Nitrogen dioxide (NO2)","35620","New York-Newark-Jersey City, NY-NJ-PA","36","New York","005","Bronx","40.8679","-73.87809"
"10/28/2016","AQS","360050133","1","15.8","ppb","14","PFIZER LAB SITE","24","100.0000","42602","Nitrogen dioxide (NO2)","35620","New York-Newark-Jersey City, NY-NJ-PA","36","New York","005","Bronx","40.8679","-73.87809"
"10/29/2016","AQS","360050133","1","34.6","ppb","32","PFIZER LAB SITE","24","100.0000","42602","Nitrogen dioxide (NO2)","35620","New York-Newark-Jersey City, NY-NJ-PA","36","New York","005","Bronx","40.8679","-73.87809"
"10/30/2016","AQS","360050133","1","22.4","ppb","21","PFIZER LAB SITE","24","100.0000","42602","Nitrogen dioxide (NO2)","35620","New York-Newark-Jersey City, NY-NJ-PA","36","New York","005","Bronx","40.8679","-73.87809"
"10/31/2016","AQS","360050133","1","28","ppb","26","PFIZER LAB SITE","23","96.0000","42602","Nitrogen dioxide (NO2)","35620","New York-Newark-Jersey City, NY-NJ-PA","36","New York","005","Bronx","40.8679","-73.87809"
"11/01/2016","AQS","360050133","1","24.3","ppb","23","PFIZER LAB SITE","24","100.0000","42602","Nitrogen dioxide (NO2)","35620","New York-Newark-Jersey City, NY-NJ-PA","36","New York","005","Bronx","40.8679","-73.87809"
"11/02/2016","AQS","360050133","1","48.3","ppb","45","PFIZER LAB SITE","24","100.0000","42602","Nitrogen dioxide (NO2)","35620","New York-Newark-Jersey City, NY-NJ-PA","36","New York","005","Bronx","40.8679","-73.87809"
"11/03/2016","AQS","360050133","1","34.1","ppb","32","PFIZER LAB SITE","24","100.0000","42602","Nitrogen dioxide (NO2)","35620","New York-Newark-Jersey City, NY-NJ-PA","36","New York","005","Bronx","40.8679","-73.87809"
"11/04/2016","AQS","360050133","1","16.4","ppb","15","PFIZER LAB SITE","24","100.0000","42602","Nitrogen dioxide (NO2)","35620","New York-Newark-Jersey City, NY-NJ-PA","36","New York","005","Bronx","40.8679","-73.87809"
"11/05/2016","AQS","360050133","1","25.5","ppb","24","PFIZER LAB SITE","24","100.0000","42602","Nitrogen dioxide (NO2)","35620","New York-Newark-Jersey City, NY-NJ-PA","36","New York","005","Bronx","40.8679","-73.87809"
"11/06/2016","AQS","360050133","1","16.4","ppb","15","PFIZER LAB SITE","24","100.0000","42602","Nitrogen dioxide (NO2)","35620","New York-Newark-Jersey City, NY-NJ-PA","36","New York","005","Bronx","40.8679","-73.87809"
"11/07/2016","AQS","360050133","1","33.4","ppb","31","PFIZER LAB SITE","21","88.0000","42602","Nitrogen dioxide (NO2)","35620","New York-Newark-Jersey City, NY-NJ-PA","36","New York","005","Bronx","40.8679","-73.87809"
"11/08/2016","AQS","360050133","1","55.8","ppb","52","PFIZER LAB SITE","24","100.0000","42602","Nitrogen dioxide (NO2)","35620","New York-Newark-Jersey City, NY-NJ-PA","36","New York","005","Bronx","40.8679","-73.87809"
"11/09/2016","AQS","360050133","1","39.7","ppb","37","PFIZER LAB SITE","24","100.0000","42602","Nitrogen dioxide (NO2)","35620","New York-Newark-Jersey City, NY-NJ-PA","36","New York","005","Bronx","40.8679","-73.87809"
"11/10/2016","AQS","360050133","1","29","ppb","27","PFIZER LAB SITE","24","100.0000","42602","Nitrogen dioxide (NO2)","35620","New York-Newark-Jersey City, NY-NJ-PA","36","New York","005","Bronx","40.8679","-73.87809"
"11/11/2016","AQS","360050133","1","29.8","ppb","27","PFIZER LAB SITE","24","100.0000","42602","Nitrogen dioxide (NO2)","35620","New York-Newark-Jersey City, NY-NJ-PA","36","New York","005","Bronx","40.8679","-73.87809"
"11/12/2016","AQS","360050133","1","28.7","ppb","26","PFIZER LAB SITE","24","100.0000","42602","Nitrogen dioxide (NO2)","35620","New York-Newark-Jersey City, NY-NJ-PA","36","New York","005","Bronx","40.8679","-73.87809"
"11/13/2016","AQS","360050133","1","36.7","ppb","34","PFIZER LAB SITE","24","100.0000","42602","Nitrogen dioxide (NO2)","35620","New York-Newark-Jersey City, NY-NJ-PA","36","New York","005","Bronx","40.8679","-73.87809"
"11/14/2016","AQS","360050133","1","53.7","ppb","50","PFIZER LAB SITE","21","88.0000","42602","Nitrogen dioxide (NO2)","35620","New York-Newark-Jersey City, NY-NJ-PA","36","New York","005","Bronx","40.8679","-73.87809"
"11/15/2016","AQS","360050133","1","51","ppb","48","PFIZER LAB SITE","24","100.0000","42602","Nitrogen dioxide (NO2)","35620","New York-Newark-Jersey City, NY-NJ-PA","36","New York","005","Bronx","40.8679","-73.87809"
"11/16/2016","AQS","360050133","1","39.7","ppb","37","PFIZER LAB SITE","24","100.0000","42602","Nitrogen dioxide (NO2)","35620","New York-Newark-Jersey City, NY-NJ-PA","36","New York","005","Bronx","40.8679","-73.87809"
"11/17/2016","AQS","360050133","1","25.8","ppb","24","PFIZER LAB SITE","24","100.0000","42602","Nitrogen dioxide (NO2)","35620","New York-Newark-Jersey City, NY-NJ-PA","36","New York","005","Bronx","40.8679","-73.87809"
"11/18/2016","AQS","360050133","1","40.2","ppb","38","PFIZER LAB SITE","24","100.0000","42602","Nitrogen dioxide (NO2)","35620","New York-Newark-Jersey City, NY-NJ-PA","36","New York","005","Bronx","40.8679","-73.87809"
"11/19/2016","AQS","360050133","1","35.1","ppb","33","PFIZER LAB SITE","24","100.0000","42602","Nitrogen dioxide (NO2)","35620","New York-Newark-Jersey City, NY-NJ-PA","36","New York","005","Bronx","40.8679","-73.87809"
"11/20/2016","AQS","360050133","1","7.6","ppb","7","PFIZER LAB SITE","24","100.0000","42602","Nitrogen dioxide (NO2)","35620","New York-Newark-Jersey City, NY-NJ-PA","36","New York","005","Bronx","40.8679","-73.87809"
"11/21/2016","AQS","360050133","1","12.5","ppb","11","PFIZER LAB SITE","24","100.0000","42602","Nitrogen dioxide (NO2)","35620","New York-Newark-Jersey City, NY-NJ-PA","36","New York","005","Bronx","40.8679","-73.87809"
"11/22/2016","AQS","360050133","1","10.9","ppb","9","PFIZER LAB SITE","24","100.0000","42602","Nitrogen dioxide (NO2)","35620","New York-Newark-Jersey City, NY-NJ-PA","36","New York","005","Bronx","40.8679","-73.87809"
"11/23/2016","AQS","360050133","1","22.9","ppb","21","PFIZER LAB SITE","24","100.0000","42602","Nitrogen dioxide (NO2)","35620","New York-Newark-Jersey City, NY-NJ-PA","36","New York","005","Bronx","40.8679","-73.87809"
"11/24/2016","AQS","360050133","1","22.4","ppb","21","PFIZER LAB SITE","24","100.0000","42602","Nitrogen dioxide (NO2)","35620","New York-Newark-Jersey City, NY-NJ-PA","36","New York","005","Bronx","40.8679","-73.87809"
"11/25/2016","AQS","360050133","1","32.9","ppb","30","PFIZER LAB SITE","24","100.0000","42602","Nitrogen dioxide (NO2)","35620","New York-Newark-Jersey City, NY-NJ-PA","36","New York","005","Bronx","40.8679","-73.87809"
"11/26/2016","AQS","360050133","1","22.9","ppb","21","PFIZER LAB SITE","24","100.0000","42602","Nitrogen dioxide (NO2)","35620","New York-Newark-Jersey City, NY-NJ-PA","36","New York","005","Bronx","40.8679","-73.87809"
"11/27/2016","AQS","360050133","1","24.2","ppb","23","PFIZER LAB SITE","24","100.0000","42602","Nitrogen dioxide (NO2)","35620","New York-Newark-Jersey City, NY-NJ-PA","36","New York","005","Bronx","40.8679","-73.87809"
"11/28/2016","AQS","360050133","1","35.9","ppb","33","PFIZER LAB SITE","24","100.0000","42602","Nitrogen dioxide (NO2)","35620","New York-Newark-Jersey City, NY-NJ-PA","36","New York","005","Bronx","40.8679","-73.87809"
"11/29/2016","AQS","360050133","1","43","ppb","41","PFIZER LAB SITE","24","100.0000","42602","Nitrogen dioxide (NO2)","35620","New York-Newark-Jersey City, NY-NJ-PA","36","New York","005","Bronx","40.8679","-73.87809"
"11/30/2016","AQS","360050133","1","38.8","ppb","36","PFIZER LAB SITE","24","100.0000","42602","Nitrogen dioxide (NO2)","35620","New York-Newark-Jersey City, NY-NJ-PA","36","New York","005","Bronx","40.8679","-73.87809"
"12/01/2016","AQS","360050133","1","25.1","ppb","24","PFIZER LAB SITE","20","83.0000","42602","Nitrogen dioxide (NO2)","35620","New York-Newark-Jersey City, NY-NJ-PA","36","New York","005","Bronx","40.8679","-73.87809"
"12/02/2016","AQS","360050133","1","16.4","ppb","15","PFIZER LAB SITE","18","75.0000","42602","Nitrogen dioxide (NO2)","35620","New York-Newark-Jersey City, NY-NJ-PA","36","New York","005","Bronx","40.8679","-73.87809"
"12/03/2016","AQS","360050133","1","11","ppb","10","PFIZER LAB SITE","24","100.0000","42602","Nitrogen dioxide (NO2)","35620","New York-Newark-Jersey City, NY-NJ-PA","36","New York","005","Bronx","40.8679","-73.87809"
"12/04/2016","AQS","360050133","1","22.7","ppb","21","PFIZER LAB SITE","24","100.0000","42602","Nitrogen dioxide (NO2)","35620","New York-Newark-Jersey City, NY-NJ-PA","36","New York","005","Bronx","40.8679","-73.87809"
"12/05/2016","AQS","360050133","1","32.6","ppb","30","PFIZER LAB SITE","21","88.0000","42602","Nitrogen dioxide (NO2)","35620","New York-Newark-Jersey City, NY-NJ-PA","36","New York","005","Bronx","40.8679","-73.87809"
"12/06/2016","AQS","360050133","1","37.3","ppb","35","PFIZER LAB SITE","24","100.0000","42602","Nitrogen dioxide (NO2)","35620","New York-Newark-Jersey City, NY-NJ-PA","36","New York","005","Bronx","40.8679","-73.87809"
"12/07/2016","AQS","360050133","1","29","ppb","27","PFIZER LAB SITE","24","100.0000","42602","Nitrogen dioxide (NO2)","35620","New York-Newark-Jersey City, NY-NJ-PA","36","New York","005","Bronx","40.8679","-73.87809"
"12/08/2016","AQS","360050133","1","29","ppb","27","PFIZER LAB SITE","24","100.0000","42602","Nitrogen dioxide (NO2)","35620","New York-Newark-Jersey City, NY-NJ-PA","36","New York","005","Bronx","40.8679","-73.87809"
"12/09/2016","AQS","360050133","1","21.7","ppb","20","PFIZER LAB SITE","24","100.0000","42602","Nitrogen dioxide (NO2)","35620","New York-Newark-Jersey City, NY-NJ-PA","36","New York","005","Bronx","40.8679","-73.87809"
"12/10/2016","AQS","360050133","1","21.9","ppb","20","PFIZER LAB SITE","24","100.0000","42602","Nitrogen dioxide (NO2)","35620","New York-Newark-Jersey City, NY-NJ-PA","36","New York","005","Bronx","40.8679","-73.87809"
"12/11/2016","AQS","360050133","1","33.5","ppb","31","PFIZER LAB SITE","24","100.0000","42602","Nitrogen dioxide (NO2)","35620","New York-Newark-Jersey City, NY-NJ-PA","36","New York","005","Bronx","40.8679","-73.87809"
"12/12/2016","AQS","360050133","1","39.3","ppb","37","PFIZER LAB SITE","22","92.0000","42602","Nitrogen dioxide (NO2)","35620","New York-Newark-Jersey City, NY-NJ-PA","36","New York","005","Bronx","40.8679","-73.87809"
"12/13/2016","AQS","360050133","1","36.6","ppb","34","PFIZER LAB SITE","24","100.0000","42602","Nitrogen dioxide (NO2)","35620","New York-Newark-Jersey City, NY-NJ-PA","36","New York","005","Bronx","40.8679","-73.87809"
"12/14/2016","AQS","360050133","1","32.6","ppb","30","PFIZER LAB SITE","20","83.0000","42602","Nitrogen dioxide (NO2)","35620","New York-Newark-Jersey City, NY-NJ-PA","36","New York","005","Bronx","40.8679","-73.87809"
"12/15/2016","AQS","360050133","1","19.2","ppb","18","PFIZER LAB SITE","24","100.0000","42602","Nitrogen dioxide (NO2)","35620","New York-Newark-Jersey City, NY-NJ-PA","36","New York","005","Bronx","40.8679","-73.87809"
"12/16/2016","AQS","360050133","1","38.4","ppb","36","PFIZER LAB SITE","24","100.0000","42602","Nitrogen dioxide (NO2)","35620","New York-Newark-Jersey City, NY-NJ-PA","36","New York","005","Bronx","40.8679","-73.87809"
"12/17/2016","AQS","360050133","1","41.3","ppb","39","PFIZER LAB SITE","24","100.0000","42602","Nitrogen dioxide (NO2)","35620","New York-Newark-Jersey City, NY-NJ-PA","36","New York","005","Bronx","40.8679","-73.87809"
"12/18/2016","AQS","360050133","1","34.5","ppb","32","PFIZER LAB SITE","24","100.0000","42602","Nitrogen dioxide (NO2)","35620","New York-Newark-Jersey City, NY-NJ-PA","36","New York","005","Bronx","40.8679","-73.87809"
"12/19/2016","AQS","360050133","1","18.4","ppb","17","PFIZER LAB SITE","22","92.0000","42602","Nitrogen dioxide (NO2)","35620","New York-Newark-Jersey City, NY-NJ-PA","36","New York","005","Bronx","40.8679","-73.87809"
"12/20/2016","AQS","360050133","1","54.4","ppb","51","PFIZER LAB SITE","24","100.0000","42602","Nitrogen dioxide (NO2)","35620","New York-Newark-Jersey City, NY-NJ-PA","36","New York","005","Bronx","40.8679","-73.87809"
"12/21/2016","AQS","360050133","1","42","ppb","40","PFIZER LAB SITE","24","100.0000","42602","Nitrogen dioxide (NO2)","35620","New York-Newark-Jersey City, NY-NJ-PA","36","New York","005","Bronx","40.8679","-73.87809"
"12/22/2016","AQS","360050133","1","45.8","ppb","42","PFIZER LAB SITE","24","100.0000","42602","Nitrogen dioxide (NO2)","35620","New York-Newark-Jersey City, NY-NJ-PA","36","New York","005","Bronx","40.8679","-73.87809"
"12/23/2016","AQS","360050133","1","37.4","ppb","35","PFIZER LAB SITE","24","100.0000","42602","Nitrogen dioxide (NO2)","35620","New York-Newark-Jersey City, NY-NJ-PA","36","New York","005","Bronx","40.8679","-73.87809"
"12/24/2016","AQS","360050133","1","37.1","ppb","35","PFIZER LAB SITE","24","100.0000","42602","Nitrogen dioxide (NO2)","35620","New York-Newark-Jersey City, NY-NJ-PA","36","New York","005","Bronx","40.8679","-73.87809"
"12/25/2016","AQS","360050133","1","22.8","ppb","21","PFIZER LAB SITE","24","100.0000","42602","Nitrogen dioxide (NO2)","35620","New York-Newark-Jersey City, NY-NJ-PA","36","New York","005","Bronx","40.8679","-73.87809"
"12/26/2016","AQS","360050133","1","40","ppb","38","PFIZER LAB SITE","24","100.0000","42602","Nitrogen dioxide (NO2)","35620","New York-Newark-Jersey City, NY-NJ-PA","36","New York","005","Bronx","40.8679","-73.87809"
"12/27/2016","AQS","360050133","1","25.2","ppb","24","PFIZER LAB SITE","23","96.0000","42602","Nitrogen dioxide (NO2)","35620","New York-Newark-Jersey City, NY-NJ-PA","36","New York","005","Bronx","40.8679","-73.87809"
"12/28/2016","AQS","360050133","1","27.6","ppb","25","PFIZER LAB SITE","24","100.0000","42602","Nitrogen dioxide (NO2)","35620","New York-Newark-Jersey City, NY-NJ-PA","36","New York","005","Bronx","40.8679","-73.87809"
"12/29/2016","AQS","360050133","1","34.4","ppb","32","PFIZER LAB SITE","24","100.0000","42602","Nitrogen dioxide (NO2)","35620","New York-Newark-Jersey City, NY-NJ-PA","36","New York","005","Bronx","40.8679","-73.87809"
"12/30/2016","AQS","360050133","1","23.6","ppb","22","PFIZER LAB SITE","24","100.0000","42602","Nitrogen dioxide (NO2)","35620","New York-Newark-Jersey City, NY-NJ-PA","36","New York","005","Bronx","40.8679","-73.87809"
"12/31/2016","AQS","360050133","1","27.9","ppb","25","PFIZER LAB SITE","24","100.0000","42602","Nitrogen dioxide (NO2)","35620","New York-Newark-Jersey City, NY-NJ-PA","36","New York","005","Bronx","40.8679","-73.87809"
