"Date","Source","Site ID","POC","Daily Max 1-hour SO2 Concentration","UNITS","DAILY_AQI_VALUE","Site Name","DAILY_OBS_COUNT","PERCENT_COMPLETE","AQS_PARAMETER_CODE","AQS_PARAMETER_DESC","CBSA_CODE","CBSA_NAME","STATE_CODE","STATE","COUNTY_CODE","COUNTY","SITE_LATITUDE","SITE_LONGITUDE"
"01/01/2019","AQS","180970078","1","0.4","ppb","0","Indpls- Washington Park/  in parking lot next to police station","24","100.0000","42401","Sulfur dioxide","26900","Indianapolis-Carmel-Anderson, IN","18","Indiana","097","Marion","39.810833000928","-86.114444"
"01/02/2019","AQS","180970078","1","0.9","ppb","0","Indpls- Washington Park/  in parking lot next to police station","20","83.0000","42401","Sulfur dioxide","26900","Indianapolis-Carmel-Anderson, IN","18","Indiana","097","Marion","39.810833000928","-86.114444"
"01/03/2019","AQS","180970078","1","0.8","ppb","0","Indpls- Washington Park/  in parking lot next to police station","24","100.0000","42401","Sulfur dioxide","26900","Indianapolis-Carmel-Anderson, IN","18","Indiana","097","Marion","39.810833000928","-86.114444"
"01/04/2019","AQS","180970078","1","2.6","ppb","3","Indpls- Washington Park/  in parking lot next to police station","24","100.0000","42401","Sulfur dioxide","26900","Indianapolis-Carmel-Anderson, IN","18","Indiana","097","Marion","39.810833000928","-86.114444"
"01/05/2019","AQS","180970078","1","0.9","ppb","0","Indpls- Washington Park/  in parking lot next to police station","24","100.0000","42401","Sulfur dioxide","26900","Indianapolis-Carmel-Anderson, IN","18","Indiana","097","Marion","39.810833000928","-86.114444"
"01/06/2019","AQS","180970078","1","0.4","ppb","0","Indpls- Washington Park/  in parking lot next to police station","24","100.0000","42401","Sulfur dioxide","26900","Indianapolis-Carmel-Anderson, IN","18","Indiana","097","Marion","39.810833000928","-86.114444"
"01/07/2019","AQS","180970078","1","0.8","ppb","0","Indpls- Washington Park/  in parking lot next to police station","22","92.0000","42401","Sulfur dioxide","26900","Indianapolis-Carmel-Anderson, IN","18","Indiana","097","Marion","39.810833000928","-86.114444"
"01/08/2019","AQS","180970078","1","1","ppb","1","Indpls- Washington Park/  in parking lot next to police station","24","100.0000","42401","Sulfur dioxide","26900","Indianapolis-Carmel-Anderson, IN","18","Indiana","097","Marion","39.810833000928","-86.114444"
"01/09/2019","AQS","180970078","1","0","ppb","0","Indpls- Washington Park/  in parking lot next to police station","24","100.0000","42401","Sulfur dioxide","26900","Indianapolis-Carmel-Anderson, IN","18","Indiana","097","Marion","39.810833000928","-86.114444"
"01/10/2019","AQS","180970078","1","0.2","ppb","0","Indpls- Washington Park/  in parking lot next to police station","24","100.0000","42401","Sulfur dioxide","26900","Indianapolis-Carmel-Anderson, IN","18","Indiana","097","Marion","39.810833000928","-86.114444"
"01/11/2019","AQS","180970078","1","0.1","ppb","0","Indpls- Washington Park/  in parking lot next to police station","24","100.0000","42401","Sulfur dioxide","26900","Indianapolis-Carmel-Anderson, IN","18","Indiana","097","Marion","39.810833000928","-86.114444"
"01/12/2019","AQS","180970078","1","0.9","ppb","0","Indpls- Washington Park/  in parking lot next to police station","24","100.0000","42401","Sulfur dioxide","26900","Indianapolis-Carmel-Anderson, IN","18","Indiana","097","Marion","39.810833000928","-86.114444"
"01/13/2019","AQS","180970078","1","0.7","ppb","0","Indpls- Washington Park/  in parking lot next to police station","24","100.0000","42401","Sulfur dioxide","26900","Indianapolis-Carmel-Anderson, IN","18","Indiana","097","Marion","39.810833000928","-86.114444"
"01/14/2019","AQS","180970078","1","0.5","ppb","0","Indpls- Washington Park/  in parking lot next to police station","22","92.0000","42401","Sulfur dioxide","26900","Indianapolis-Carmel-Anderson, IN","18","Indiana","097","Marion","39.810833000928","-86.114444"
"01/15/2019","AQS","180970078","1","0.6","ppb","0","Indpls- Washington Park/  in parking lot next to police station","24","100.0000","42401","Sulfur dioxide","26900","Indianapolis-Carmel-Anderson, IN","18","Indiana","097","Marion","39.810833000928","-86.114444"
"01/16/2019","AQS","180970078","1","0.2","ppb","0","Indpls- Washington Park/  in parking lot next to police station","24","100.0000","42401","Sulfur dioxide","26900","Indianapolis-Carmel-Anderson, IN","18","Indiana","097","Marion","39.810833000928","-86.114444"
"01/17/2019","AQS","180970078","1","0.2","ppb","0","Indpls- Washington Park/  in parking lot next to police station","24","100.0000","42401","Sulfur dioxide","26900","Indianapolis-Carmel-Anderson, IN","18","Indiana","097","Marion","39.810833000928","-86.114444"
"01/18/2019","AQS","180970078","1","0.5","ppb","0","Indpls- Washington Park/  in parking lot next to police station","24","100.0000","42401","Sulfur dioxide","26900","Indianapolis-Carmel-Anderson, IN","18","Indiana","097","Marion","39.810833000928","-86.114444"
"01/19/2019","AQS","180970078","1","0.4","ppb","0","Indpls- Washington Park/  in parking lot next to police station","24","100.0000","42401","Sulfur dioxide","26900","Indianapolis-Carmel-Anderson, IN","18","Indiana","097","Marion","39.810833000928","-86.114444"
"01/20/2019","AQS","180970078","1","0.1","ppb","0","Indpls- Washington Park/  in parking lot next to police station","24","100.0000","42401","Sulfur dioxide","26900","Indianapolis-Carmel-Anderson, IN","18","Indiana","097","Marion","39.810833000928","-86.114444"
"01/21/2019","AQS","180970078","1","1","ppb","1","Indpls- Washington Park/  in parking lot next to police station","22","92.0000","42401","Sulfur dioxide","26900","Indianapolis-Carmel-Anderson, IN","18","Indiana","097","Marion","39.810833000928","-86.114444"
"01/22/2019","AQS","180970078","1","3.1","ppb","4","Indpls- Washington Park/  in parking lot next to police station","24","100.0000","42401","Sulfur dioxide","26900","Indianapolis-Carmel-Anderson, IN","18","Indiana","097","Marion","39.810833000928","-86.114444"
"01/23/2019","AQS","180970078","1","0.2","ppb","0","Indpls- Washington Park/  in parking lot next to police station","24","100.0000","42401","Sulfur dioxide","26900","Indianapolis-Carmel-Anderson, IN","18","Indiana","097","Marion","39.810833000928","-86.114444"
"01/24/2019","AQS","180970078","1","0.5","ppb","0","Indpls- Washington Park/  in parking lot next to police station","24","100.0000","42401","Sulfur dioxide","26900","Indianapolis-Carmel-Anderson, IN","18","Indiana","097","Marion","39.810833000928","-86.114444"
"01/25/2019","AQS","180970078","1","1","ppb","1","Indpls- Washington Park/  in parking lot next to police station","24","100.0000","42401","Sulfur dioxide","26900","Indianapolis-Carmel-Anderson, IN","18","Indiana","097","Marion","39.810833000928","-86.114444"
"01/26/2019","AQS","180970078","1","1.2","ppb","1","Indpls- Washington Park/  in parking lot next to police station","24","100.0000","42401","Sulfur dioxide","26900","Indianapolis-Carmel-Anderson, IN","18","Indiana","097","Marion","39.810833000928","-86.114444"
"01/27/2019","AQS","180970078","1","0.5","ppb","0","Indpls- Washington Park/  in parking lot next to police station","24","100.0000","42401","Sulfur dioxide","26900","Indianapolis-Carmel-Anderson, IN","18","Indiana","097","Marion","39.810833000928","-86.114444"
"01/28/2019","AQS","180970078","1","1.3","ppb","1","Indpls- Washington Park/  in parking lot next to police station","24","100.0000","42401","Sulfur dioxide","26900","Indianapolis-Carmel-Anderson, IN","18","Indiana","097","Marion","39.810833000928","-86.114444"
"01/29/2019","AQS","180970078","1","0.6","ppb","0","Indpls- Washington Park/  in parking lot next to police station","24","100.0000","42401","Sulfur dioxide","26900","Indianapolis-Carmel-Anderson, IN","18","Indiana","097","Marion","39.810833000928","-86.114444"
"01/30/2019","AQS","180970078","1","0.5","ppb","0","Indpls- Washington Park/  in parking lot next to police station","24","100.0000","42401","Sulfur dioxide","26900","Indianapolis-Carmel-Anderson, IN","18","Indiana","097","Marion","39.810833000928","-86.114444"
"01/31/2019","AQS","180970078","1","1","ppb","1","Indpls- Washington Park/  in parking lot next to police station","24","100.0000","42401","Sulfur dioxide","26900","Indianapolis-Carmel-Anderson, IN","18","Indiana","097","Marion","39.810833000928","-86.114444"
"02/01/2019","AQS","180970078","1","1.5","ppb","1","Indpls- Washington Park/  in parking lot next to police station","24","100.0000","42401","Sulfur dioxide","26900","Indianapolis-Carmel-Anderson, IN","18","Indiana","097","Marion","39.810833000928","-86.114444"
"02/02/2019","AQS","180970078","1","2.2","ppb","3","Indpls- Washington Park/  in parking lot next to police station","24","100.0000","42401","Sulfur dioxide","26900","Indianapolis-Carmel-Anderson, IN","18","Indiana","097","Marion","39.810833000928","-86.114444"
"02/03/2019","AQS","180970078","1","2.3","ppb","3","Indpls- Washington Park/  in parking lot next to police station","24","100.0000","42401","Sulfur dioxide","26900","Indianapolis-Carmel-Anderson, IN","18","Indiana","097","Marion","39.810833000928","-86.114444"
"02/04/2019","AQS","180970078","1","0.5","ppb","0","Indpls- Washington Park/  in parking lot next to police station","24","100.0000","42401","Sulfur dioxide","26900","Indianapolis-Carmel-Anderson, IN","18","Indiana","097","Marion","39.810833000928","-86.114444"
"02/05/2019","AQS","180970078","1","0.2","ppb","0","Indpls- Washington Park/  in parking lot next to police station","24","100.0000","42401","Sulfur dioxide","26900","Indianapolis-Carmel-Anderson, IN","18","Indiana","097","Marion","39.810833000928","-86.114444"
"02/06/2019","AQS","180970078","1","0.6","ppb","0","Indpls- Washington Park/  in parking lot next to police station","24","100.0000","42401","Sulfur dioxide","26900","Indianapolis-Carmel-Anderson, IN","18","Indiana","097","Marion","39.810833000928","-86.114444"
"02/07/2019","AQS","180970078","1","0.3","ppb","0","Indpls- Washington Park/  in parking lot next to police station","24","100.0000","42401","Sulfur dioxide","26900","Indianapolis-Carmel-Anderson, IN","18","Indiana","097","Marion","39.810833000928","-86.114444"
"02/08/2019","AQS","180970078","1","0.2","ppb","0","Indpls- Washington Park/  in parking lot next to police station","24","100.0000","42401","Sulfur dioxide","26900","Indianapolis-Carmel-Anderson, IN","18","Indiana","097","Marion","39.810833000928","-86.114444"
"02/09/2019","AQS","180970078","1","0.2","ppb","0","Indpls- Washington Park/  in parking lot next to police station","24","100.0000","42401","Sulfur dioxide","26900","Indianapolis-Carmel-Anderson, IN","18","Indiana","097","Marion","39.810833000928","-86.114444"
"02/10/2019","AQS","180970078","1","0.8","ppb","0","Indpls- Washington Park/  in parking lot next to police station","24","100.0000","42401","Sulfur dioxide","26900","Indianapolis-Carmel-Anderson, IN","18","Indiana","097","Marion","39.810833000928","-86.114444"
"02/11/2019","AQS","180970078","1","0.2","ppb","0","Indpls- Washington Park/  in parking lot next to police station","22","92.0000","42401","Sulfur dioxide","26900","Indianapolis-Carmel-Anderson, IN","18","Indiana","097","Marion","39.810833000928","-86.114444"
"02/12/2019","AQS","180970078","1","0.3","ppb","0","Indpls- Washington Park/  in parking lot next to police station","24","100.0000","42401","Sulfur dioxide","26900","Indianapolis-Carmel-Anderson, IN","18","Indiana","097","Marion","39.810833000928","-86.114444"
"02/13/2019","AQS","180970078","1","1.1","ppb","1","Indpls- Washington Park/  in parking lot next to police station","24","100.0000","42401","Sulfur dioxide","26900","Indianapolis-Carmel-Anderson, IN","18","Indiana","097","Marion","39.810833000928","-86.114444"
"02/14/2019","AQS","180970078","1","0.8","ppb","0","Indpls- Washington Park/  in parking lot next to police station","24","100.0000","42401","Sulfur dioxide","26900","Indianapolis-Carmel-Anderson, IN","18","Indiana","097","Marion","39.810833000928","-86.114444"
"02/15/2019","AQS","180970078","1","0.3","ppb","0","Indpls- Washington Park/  in parking lot next to police station","24","100.0000","42401","Sulfur dioxide","26900","Indianapolis-Carmel-Anderson, IN","18","Indiana","097","Marion","39.810833000928","-86.114444"
"02/16/2019","AQS","180970078","1","0.2","ppb","0","Indpls- Washington Park/  in parking lot next to police station","24","100.0000","42401","Sulfur dioxide","26900","Indianapolis-Carmel-Anderson, IN","18","Indiana","097","Marion","39.810833000928","-86.114444"
"02/17/2019","AQS","180970078","1","0.3","ppb","0","Indpls- Washington Park/  in parking lot next to police station","24","100.0000","42401","Sulfur dioxide","26900","Indianapolis-Carmel-Anderson, IN","18","Indiana","097","Marion","39.810833000928","-86.114444"
"02/18/2019","AQS","180970078","1","0.4","ppb","0","Indpls- Washington Park/  in parking lot next to police station","22","92.0000","42401","Sulfur dioxide","26900","Indianapolis-Carmel-Anderson, IN","18","Indiana","097","Marion","39.810833000928","-86.114444"
"02/19/2019","AQS","180970078","1","0.4","ppb","0","Indpls- Washington Park/  in parking lot next to police station","24","100.0000","42401","Sulfur dioxide","26900","Indianapolis-Carmel-Anderson, IN","18","Indiana","097","Marion","39.810833000928","-86.114444"
"02/20/2019","AQS","180970078","1","0.2","ppb","0","Indpls- Washington Park/  in parking lot next to police station","24","100.0000","42401","Sulfur dioxide","26900","Indianapolis-Carmel-Anderson, IN","18","Indiana","097","Marion","39.810833000928","-86.114444"
"02/21/2019","AQS","180970078","1","0.4","ppb","0","Indpls- Washington Park/  in parking lot next to police station","24","100.0000","42401","Sulfur dioxide","26900","Indianapolis-Carmel-Anderson, IN","18","Indiana","097","Marion","39.810833000928","-86.114444"
"02/22/2019","AQS","180970078","1","0.3","ppb","0","Indpls- Washington Park/  in parking lot next to police station","24","100.0000","42401","Sulfur dioxide","26900","Indianapolis-Carmel-Anderson, IN","18","Indiana","097","Marion","39.810833000928","-86.114444"
"02/23/2019","AQS","180970078","1","1.1","ppb","1","Indpls- Washington Park/  in parking lot next to police station","24","100.0000","42401","Sulfur dioxide","26900","Indianapolis-Carmel-Anderson, IN","18","Indiana","097","Marion","39.810833000928","-86.114444"
"02/24/2019","AQS","180970078","1","0.3","ppb","0","Indpls- Washington Park/  in parking lot next to police station","24","100.0000","42401","Sulfur dioxide","26900","Indianapolis-Carmel-Anderson, IN","18","Indiana","097","Marion","39.810833000928","-86.114444"
"02/25/2019","AQS","180970078","1","0.5","ppb","0","Indpls- Washington Park/  in parking lot next to police station","22","92.0000","42401","Sulfur dioxide","26900","Indianapolis-Carmel-Anderson, IN","18","Indiana","097","Marion","39.810833000928","-86.114444"
"02/26/2019","AQS","180970078","1","0.8","ppb","0","Indpls- Washington Park/  in parking lot next to police station","24","100.0000","42401","Sulfur dioxide","26900","Indianapolis-Carmel-Anderson, IN","18","Indiana","097","Marion","39.810833000928","-86.114444"
"02/27/2019","AQS","180970078","1","1.6","ppb","1","Indpls- Washington Park/  in parking lot next to police station","24","100.0000","42401","Sulfur dioxide","26900","Indianapolis-Carmel-Anderson, IN","18","Indiana","097","Marion","39.810833000928","-86.114444"
"02/28/2019","AQS","180970078","1","0.2","ppb","0","Indpls- Washington Park/  in parking lot next to police station","24","100.0000","42401","Sulfur dioxide","26900","Indianapolis-Carmel-Anderson, IN","18","Indiana","097","Marion","39.810833000928","-86.114444"
"03/01/2019","AQS","180970078","1","0.4","ppb","0","Indpls- Washington Park/  in parking lot next to police station","24","100.0000","42401","Sulfur dioxide","26900","Indianapolis-Carmel-Anderson, IN","18","Indiana","097","Marion","39.810833000928","-86.114444"
"03/02/2019","AQS","180970078","1","1","ppb","1","Indpls- Washington Park/  in parking lot next to police station","24","100.0000","42401","Sulfur dioxide","26900","Indianapolis-Carmel-Anderson, IN","18","Indiana","097","Marion","39.810833000928","-86.114444"
"03/03/2019","AQS","180970078","1","0.2","ppb","0","Indpls- Washington Park/  in parking lot next to police station","24","100.0000","42401","Sulfur dioxide","26900","Indianapolis-Carmel-Anderson, IN","18","Indiana","097","Marion","39.810833000928","-86.114444"
"03/04/2019","AQS","180970078","1","0.7","ppb","0","Indpls- Washington Park/  in parking lot next to police station","22","92.0000","42401","Sulfur dioxide","26900","Indianapolis-Carmel-Anderson, IN","18","Indiana","097","Marion","39.810833000928","-86.114444"
"03/05/2019","AQS","180970078","1","0.5","ppb","0","Indpls- Washington Park/  in parking lot next to police station","24","100.0000","42401","Sulfur dioxide","26900","Indianapolis-Carmel-Anderson, IN","18","Indiana","097","Marion","39.810833000928","-86.114444"
"03/06/2019","AQS","180970078","1","1.1","ppb","1","Indpls- Washington Park/  in parking lot next to police station","24","100.0000","42401","Sulfur dioxide","26900","Indianapolis-Carmel-Anderson, IN","18","Indiana","097","Marion","39.810833000928","-86.114444"
"03/07/2019","AQS","180970078","1","2.7","ppb","3","Indpls- Washington Park/  in parking lot next to police station","24","100.0000","42401","Sulfur dioxide","26900","Indianapolis-Carmel-Anderson, IN","18","Indiana","097","Marion","39.810833000928","-86.114444"
"03/08/2019","AQS","180970078","1","0.9","ppb","0","Indpls- Washington Park/  in parking lot next to police station","24","100.0000","42401","Sulfur dioxide","26900","Indianapolis-Carmel-Anderson, IN","18","Indiana","097","Marion","39.810833000928","-86.114444"
"03/09/2019","AQS","180970078","1","0.2","ppb","0","Indpls- Washington Park/  in parking lot next to police station","24","100.0000","42401","Sulfur dioxide","26900","Indianapolis-Carmel-Anderson, IN","18","Indiana","097","Marion","39.810833000928","-86.114444"
"03/10/2019","AQS","180970078","1","0.2","ppb","0","Indpls- Washington Park/  in parking lot next to police station","24","100.0000","42401","Sulfur dioxide","26900","Indianapolis-Carmel-Anderson, IN","18","Indiana","097","Marion","39.810833000928","-86.114444"
"03/11/2019","AQS","180970078","1","0.3","ppb","0","Indpls- Washington Park/  in parking lot next to police station","22","92.0000","42401","Sulfur dioxide","26900","Indianapolis-Carmel-Anderson, IN","18","Indiana","097","Marion","39.810833000928","-86.114444"
"03/12/2019","AQS","180970078","1","0.9","ppb","0","Indpls- Washington Park/  in parking lot next to police station","24","100.0000","42401","Sulfur dioxide","26900","Indianapolis-Carmel-Anderson, IN","18","Indiana","097","Marion","39.810833000928","-86.114444"
"03/13/2019","AQS","180970078","1","0.9","ppb","0","Indpls- Washington Park/  in parking lot next to police station","21","88.0000","42401","Sulfur dioxide","26900","Indianapolis-Carmel-Anderson, IN","18","Indiana","097","Marion","39.810833000928","-86.114444"
"03/14/2019","AQS","180970078","1","0.5","ppb","0","Indpls- Washington Park/  in parking lot next to police station","24","100.0000","42401","Sulfur dioxide","26900","Indianapolis-Carmel-Anderson, IN","18","Indiana","097","Marion","39.810833000928","-86.114444"
"03/15/2019","AQS","180970078","1","0.2","ppb","0","Indpls- Washington Park/  in parking lot next to police station","24","100.0000","42401","Sulfur dioxide","26900","Indianapolis-Carmel-Anderson, IN","18","Indiana","097","Marion","39.810833000928","-86.114444"
"03/16/2019","AQS","180970078","1","0.3","ppb","0","Indpls- Washington Park/  in parking lot next to police station","24","100.0000","42401","Sulfur dioxide","26900","Indianapolis-Carmel-Anderson, IN","18","Indiana","097","Marion","39.810833000928","-86.114444"
"03/17/2019","AQS","180970078","1","0.7","ppb","0","Indpls- Washington Park/  in parking lot next to police station","24","100.0000","42401","Sulfur dioxide","26900","Indianapolis-Carmel-Anderson, IN","18","Indiana","097","Marion","39.810833000928","-86.114444"
"03/18/2019","AQS","180970078","1","0.5","ppb","0","Indpls- Washington Park/  in parking lot next to police station","22","92.0000","42401","Sulfur dioxide","26900","Indianapolis-Carmel-Anderson, IN","18","Indiana","097","Marion","39.810833000928","-86.114444"
"03/19/2019","AQS","180970078","1","1.2","ppb","1","Indpls- Washington Park/  in parking lot next to police station","24","100.0000","42401","Sulfur dioxide","26900","Indianapolis-Carmel-Anderson, IN","18","Indiana","097","Marion","39.810833000928","-86.114444"
"03/20/2019","AQS","180970078","1","0.6","ppb","0","Indpls- Washington Park/  in parking lot next to police station","24","100.0000","42401","Sulfur dioxide","26900","Indianapolis-Carmel-Anderson, IN","18","Indiana","097","Marion","39.810833000928","-86.114444"
"03/21/2019","AQS","180970078","1","0.2","ppb","0","Indpls- Washington Park/  in parking lot next to police station","24","100.0000","42401","Sulfur dioxide","26900","Indianapolis-Carmel-Anderson, IN","18","Indiana","097","Marion","39.810833000928","-86.114444"
"03/22/2019","AQS","180970078","1","0.4","ppb","0","Indpls- Washington Park/  in parking lot next to police station","24","100.0000","42401","Sulfur dioxide","26900","Indianapolis-Carmel-Anderson, IN","18","Indiana","097","Marion","39.810833000928","-86.114444"
"03/23/2019","AQS","180970078","1","0.4","ppb","0","Indpls- Washington Park/  in parking lot next to police station","24","100.0000","42401","Sulfur dioxide","26900","Indianapolis-Carmel-Anderson, IN","18","Indiana","097","Marion","39.810833000928","-86.114444"
"03/24/2019","AQS","180970078","1","0.5","ppb","0","Indpls- Washington Park/  in parking lot next to police station","24","100.0000","42401","Sulfur dioxide","26900","Indianapolis-Carmel-Anderson, IN","18","Indiana","097","Marion","39.810833000928","-86.114444"
"03/25/2019","AQS","180970078","1","0.3","ppb","0","Indpls- Washington Park/  in parking lot next to police station","22","92.0000","42401","Sulfur dioxide","26900","Indianapolis-Carmel-Anderson, IN","18","Indiana","097","Marion","39.810833000928","-86.114444"
"03/26/2019","AQS","180970078","1","1","ppb","1","Indpls- Washington Park/  in parking lot next to police station","24","100.0000","42401","Sulfur dioxide","26900","Indianapolis-Carmel-Anderson, IN","18","Indiana","097","Marion","39.810833000928","-86.114444"
"03/27/2019","AQS","180970078","1","1.4","ppb","1","Indpls- Washington Park/  in parking lot next to police station","24","100.0000","42401","Sulfur dioxide","26900","Indianapolis-Carmel-Anderson, IN","18","Indiana","097","Marion","39.810833000928","-86.114444"
"03/28/2019","AQS","180970078","1","2.3","ppb","3","Indpls- Washington Park/  in parking lot next to police station","24","100.0000","42401","Sulfur dioxide","26900","Indianapolis-Carmel-Anderson, IN","18","Indiana","097","Marion","39.810833000928","-86.114444"
"03/29/2019","AQS","180970078","1","0.3","ppb","0","Indpls- Washington Park/  in parking lot next to police station","24","100.0000","42401","Sulfur dioxide","26900","Indianapolis-Carmel-Anderson, IN","18","Indiana","097","Marion","39.810833000928","-86.114444"
"03/30/2019","AQS","180970078","1","0.2","ppb","0","Indpls- Washington Park/  in parking lot next to police station","24","100.0000","42401","Sulfur dioxide","26900","Indianapolis-Carmel-Anderson, IN","18","Indiana","097","Marion","39.810833000928","-86.114444"
"03/31/2019","AQS","180970078","1","0.4","ppb","0","Indpls- Washington Park/  in parking lot next to police station","24","100.0000","42401","Sulfur dioxide","26900","Indianapolis-Carmel-Anderson, IN","18","Indiana","097","Marion","39.810833000928","-86.114444"
"04/01/2019","AQS","180970078","1","0.3","ppb","0","Indpls- Washington Park/  in parking lot next to police station","22","92.0000","42401","Sulfur dioxide","26900","Indianapolis-Carmel-Anderson, IN","18","Indiana","097","Marion","39.810833000928","-86.114444"
"04/02/2019","AQS","180970078","1","2.5","ppb","3","Indpls- Washington Park/  in parking lot next to police station","22","92.0000","42401","Sulfur dioxide","26900","Indianapolis-Carmel-Anderson, IN","18","Indiana","097","Marion","39.810833000928","-86.114444"
"04/03/2019","AQS","180970078","1","0.4","ppb","0","Indpls- Washington Park/  in parking lot next to police station","23","96.0000","42401","Sulfur dioxide","26900","Indianapolis-Carmel-Anderson, IN","18","Indiana","097","Marion","39.810833000928","-86.114444"
"04/04/2019","AQS","180970078","1","0.6","ppb","0","Indpls- Washington Park/  in parking lot next to police station","24","100.0000","42401","Sulfur dioxide","26900","Indianapolis-Carmel-Anderson, IN","18","Indiana","097","Marion","39.810833000928","-86.114444"
"04/05/2019","AQS","180970078","1","0.3","ppb","0","Indpls- Washington Park/  in parking lot next to police station","24","100.0000","42401","Sulfur dioxide","26900","Indianapolis-Carmel-Anderson, IN","18","Indiana","097","Marion","39.810833000928","-86.114444"
"04/06/2019","AQS","180970078","1","0.8","ppb","0","Indpls- Washington Park/  in parking lot next to police station","24","100.0000","42401","Sulfur dioxide","26900","Indianapolis-Carmel-Anderson, IN","18","Indiana","097","Marion","39.810833000928","-86.114444"
"04/07/2019","AQS","180970078","1","0.5","ppb","0","Indpls- Washington Park/  in parking lot next to police station","24","100.0000","42401","Sulfur dioxide","26900","Indianapolis-Carmel-Anderson, IN","18","Indiana","097","Marion","39.810833000928","-86.114444"
"04/08/2019","AQS","180970078","1","0.6","ppb","0","Indpls- Washington Park/  in parking lot next to police station","22","92.0000","42401","Sulfur dioxide","26900","Indianapolis-Carmel-Anderson, IN","18","Indiana","097","Marion","39.810833000928","-86.114444"
"04/09/2019","AQS","180970078","1","0.5","ppb","0","Indpls- Washington Park/  in parking lot next to police station","24","100.0000","42401","Sulfur dioxide","26900","Indianapolis-Carmel-Anderson, IN","18","Indiana","097","Marion","39.810833000928","-86.114444"
"04/10/2019","AQS","180970078","1","0.5","ppb","0","Indpls- Washington Park/  in parking lot next to police station","24","100.0000","42401","Sulfur dioxide","26900","Indianapolis-Carmel-Anderson, IN","18","Indiana","097","Marion","39.810833000928","-86.114444"
"04/11/2019","AQS","180970078","1","0.9","ppb","0","Indpls- Washington Park/  in parking lot next to police station","24","100.0000","42401","Sulfur dioxide","26900","Indianapolis-Carmel-Anderson, IN","18","Indiana","097","Marion","39.810833000928","-86.114444"
"04/12/2019","AQS","180970078","1","0.5","ppb","0","Indpls- Washington Park/  in parking lot next to police station","24","100.0000","42401","Sulfur dioxide","26900","Indianapolis-Carmel-Anderson, IN","18","Indiana","097","Marion","39.810833000928","-86.114444"
"04/13/2019","AQS","180970078","1","0.5","ppb","0","Indpls- Washington Park/  in parking lot next to police station","24","100.0000","42401","Sulfur dioxide","26900","Indianapolis-Carmel-Anderson, IN","18","Indiana","097","Marion","39.810833000928","-86.114444"
"04/14/2019","AQS","180970078","1","0.1","ppb","0","Indpls- Washington Park/  in parking lot next to police station","24","100.0000","42401","Sulfur dioxide","26900","Indianapolis-Carmel-Anderson, IN","18","Indiana","097","Marion","39.810833000928","-86.114444"
"04/15/2019","AQS","180970078","1","0.5","ppb","0","Indpls- Washington Park/  in parking lot next to police station","22","92.0000","42401","Sulfur dioxide","26900","Indianapolis-Carmel-Anderson, IN","18","Indiana","097","Marion","39.810833000928","-86.114444"
"04/16/2019","AQS","180970078","1","1.2","ppb","1","Indpls- Washington Park/  in parking lot next to police station","24","100.0000","42401","Sulfur dioxide","26900","Indianapolis-Carmel-Anderson, IN","18","Indiana","097","Marion","39.810833000928","-86.114444"
"04/17/2019","AQS","180970078","1","1.1","ppb","1","Indpls- Washington Park/  in parking lot next to police station","24","100.0000","42401","Sulfur dioxide","26900","Indianapolis-Carmel-Anderson, IN","18","Indiana","097","Marion","39.810833000928","-86.114444"
"04/18/2019","AQS","180970078","1","1.2","ppb","1","Indpls- Washington Park/  in parking lot next to police station","24","100.0000","42401","Sulfur dioxide","26900","Indianapolis-Carmel-Anderson, IN","18","Indiana","097","Marion","39.810833000928","-86.114444"
"04/19/2019","AQS","180970078","1","0.1","ppb","0","Indpls- Washington Park/  in parking lot next to police station","24","100.0000","42401","Sulfur dioxide","26900","Indianapolis-Carmel-Anderson, IN","18","Indiana","097","Marion","39.810833000928","-86.114444"
"04/20/2019","AQS","180970078","1","0.3","ppb","0","Indpls- Washington Park/  in parking lot next to police station","24","100.0000","42401","Sulfur dioxide","26900","Indianapolis-Carmel-Anderson, IN","18","Indiana","097","Marion","39.810833000928","-86.114444"
"04/21/2019","AQS","180970078","1","0.4","ppb","0","Indpls- Washington Park/  in parking lot next to police station","24","100.0000","42401","Sulfur dioxide","26900","Indianapolis-Carmel-Anderson, IN","18","Indiana","097","Marion","39.810833000928","-86.114444"
"04/22/2019","AQS","180970078","1","0.7","ppb","0","Indpls- Washington Park/  in parking lot next to police station","22","92.0000","42401","Sulfur dioxide","26900","Indianapolis-Carmel-Anderson, IN","18","Indiana","097","Marion","39.810833000928","-86.114444"
"04/23/2019","AQS","180970078","1","0.7","ppb","0","Indpls- Washington Park/  in parking lot next to police station","24","100.0000","42401","Sulfur dioxide","26900","Indianapolis-Carmel-Anderson, IN","18","Indiana","097","Marion","39.810833000928","-86.114444"
"04/24/2019","AQS","180970078","1","0.3","ppb","0","Indpls- Washington Park/  in parking lot next to police station","24","100.0000","42401","Sulfur dioxide","26900","Indianapolis-Carmel-Anderson, IN","18","Indiana","097","Marion","39.810833000928","-86.114444"
"04/25/2019","AQS","180970078","1","0.2","ppb","0","Indpls- Washington Park/  in parking lot next to police station","24","100.0000","42401","Sulfur dioxide","26900","Indianapolis-Carmel-Anderson, IN","18","Indiana","097","Marion","39.810833000928","-86.114444"
"04/26/2019","AQS","180970078","1","0.5","ppb","0","Indpls- Washington Park/  in parking lot next to police station","24","100.0000","42401","Sulfur dioxide","26900","Indianapolis-Carmel-Anderson, IN","18","Indiana","097","Marion","39.810833000928","-86.114444"
"04/27/2019","AQS","180970078","1","0.6","ppb","0","Indpls- Washington Park/  in parking lot next to police station","24","100.0000","42401","Sulfur dioxide","26900","Indianapolis-Carmel-Anderson, IN","18","Indiana","097","Marion","39.810833000928","-86.114444"
"04/28/2019","AQS","180970078","1","0.2","ppb","0","Indpls- Washington Park/  in parking lot next to police station","24","100.0000","42401","Sulfur dioxide","26900","Indianapolis-Carmel-Anderson, IN","18","Indiana","097","Marion","39.810833000928","-86.114444"
"04/29/2019","AQS","180970078","1","0.5","ppb","0","Indpls- Washington Park/  in parking lot next to police station","19","79.0000","42401","Sulfur dioxide","26900","Indianapolis-Carmel-Anderson, IN","18","Indiana","097","Marion","39.810833000928","-86.114444"
"04/30/2019","AQS","180970078","1","0.5","ppb","0","Indpls- Washington Park/  in parking lot next to police station","24","100.0000","42401","Sulfur dioxide","26900","Indianapolis-Carmel-Anderson, IN","18","Indiana","097","Marion","39.810833000928","-86.114444"
"05/01/2019","AQS","180970078","1","0.5","ppb","0","Indpls- Washington Park/  in parking lot next to police station","23","96.0000","42401","Sulfur dioxide","26900","Indianapolis-Carmel-Anderson, IN","18","Indiana","097","Marion","39.810833000928","-86.114444"
"05/02/2019","AQS","180970078","1","0.3","ppb","0","Indpls- Washington Park/  in parking lot next to police station","24","100.0000","42401","Sulfur dioxide","26900","Indianapolis-Carmel-Anderson, IN","18","Indiana","097","Marion","39.810833000928","-86.114444"
"05/03/2019","AQS","180970078","1","0.2","ppb","0","Indpls- Washington Park/  in parking lot next to police station","24","100.0000","42401","Sulfur dioxide","26900","Indianapolis-Carmel-Anderson, IN","18","Indiana","097","Marion","39.810833000928","-86.114444"
"05/04/2019","AQS","180970078","1","0.2","ppb","0","Indpls- Washington Park/  in parking lot next to police station","24","100.0000","42401","Sulfur dioxide","26900","Indianapolis-Carmel-Anderson, IN","18","Indiana","097","Marion","39.810833000928","-86.114444"
"05/05/2019","AQS","180970078","1","0.4","ppb","0","Indpls- Washington Park/  in parking lot next to police station","24","100.0000","42401","Sulfur dioxide","26900","Indianapolis-Carmel-Anderson, IN","18","Indiana","097","Marion","39.810833000928","-86.114444"
"05/06/2019","AQS","180970078","1","1.5","ppb","1","Indpls- Washington Park/  in parking lot next to police station","22","92.0000","42401","Sulfur dioxide","26900","Indianapolis-Carmel-Anderson, IN","18","Indiana","097","Marion","39.810833000928","-86.114444"
"05/07/2019","AQS","180970078","1","1.8","ppb","1","Indpls- Washington Park/  in parking lot next to police station","24","100.0000","42401","Sulfur dioxide","26900","Indianapolis-Carmel-Anderson, IN","18","Indiana","097","Marion","39.810833000928","-86.114444"
"05/08/2019","AQS","180970078","1","0.5","ppb","0","Indpls- Washington Park/  in parking lot next to police station","24","100.0000","42401","Sulfur dioxide","26900","Indianapolis-Carmel-Anderson, IN","18","Indiana","097","Marion","39.810833000928","-86.114444"
"05/09/2019","AQS","180970078","1","0.3","ppb","0","Indpls- Washington Park/  in parking lot next to police station","24","100.0000","42401","Sulfur dioxide","26900","Indianapolis-Carmel-Anderson, IN","18","Indiana","097","Marion","39.810833000928","-86.114444"
"05/10/2019","AQS","180970078","1","0.1","ppb","0","Indpls- Washington Park/  in parking lot next to police station","21","88.0000","42401","Sulfur dioxide","26900","Indianapolis-Carmel-Anderson, IN","18","Indiana","097","Marion","39.810833000928","-86.114444"
"05/11/2019","AQS","180970078","1","0.2","ppb","0","Indpls- Washington Park/  in parking lot next to police station","24","100.0000","42401","Sulfur dioxide","26900","Indianapolis-Carmel-Anderson, IN","18","Indiana","097","Marion","39.810833000928","-86.114444"
"05/12/2019","AQS","180970078","1","0.1","ppb","0","Indpls- Washington Park/  in parking lot next to police station","24","100.0000","42401","Sulfur dioxide","26900","Indianapolis-Carmel-Anderson, IN","18","Indiana","097","Marion","39.810833000928","-86.114444"
"05/13/2019","AQS","180970078","1","0.3","ppb","0","Indpls- Washington Park/  in parking lot next to police station","22","92.0000","42401","Sulfur dioxide","26900","Indianapolis-Carmel-Anderson, IN","18","Indiana","097","Marion","39.810833000928","-86.114444"
"05/14/2019","AQS","180970078","1","0.7","ppb","0","Indpls- Washington Park/  in parking lot next to police station","24","100.0000","42401","Sulfur dioxide","26900","Indianapolis-Carmel-Anderson, IN","18","Indiana","097","Marion","39.810833000928","-86.114444"
"05/15/2019","AQS","180970078","1","2","ppb","3","Indpls- Washington Park/  in parking lot next to police station","24","100.0000","42401","Sulfur dioxide","26900","Indianapolis-Carmel-Anderson, IN","18","Indiana","097","Marion","39.810833000928","-86.114444"
"05/16/2019","AQS","180970078","1","0.7","ppb","0","Indpls- Washington Park/  in parking lot next to police station","24","100.0000","42401","Sulfur dioxide","26900","Indianapolis-Carmel-Anderson, IN","18","Indiana","097","Marion","39.810833000928","-86.114444"
"05/17/2019","AQS","180970078","1","0.2","ppb","0","Indpls- Washington Park/  in parking lot next to police station","24","100.0000","42401","Sulfur dioxide","26900","Indianapolis-Carmel-Anderson, IN","18","Indiana","097","Marion","39.810833000928","-86.114444"
"05/18/2019","AQS","180970078","1","0.7","ppb","0","Indpls- Washington Park/  in parking lot next to police station","24","100.0000","42401","Sulfur dioxide","26900","Indianapolis-Carmel-Anderson, IN","18","Indiana","097","Marion","39.810833000928","-86.114444"
"05/19/2019","AQS","180970078","1","0.3","ppb","0","Indpls- Washington Park/  in parking lot next to police station","24","100.0000","42401","Sulfur dioxide","26900","Indianapolis-Carmel-Anderson, IN","18","Indiana","097","Marion","39.810833000928","-86.114444"
"05/20/2019","AQS","180970078","1","0.3","ppb","0","Indpls- Washington Park/  in parking lot next to police station","22","92.0000","42401","Sulfur dioxide","26900","Indianapolis-Carmel-Anderson, IN","18","Indiana","097","Marion","39.810833000928","-86.114444"
"05/21/2019","AQS","180970078","1","0.2","ppb","0","Indpls- Washington Park/  in parking lot next to police station","24","100.0000","42401","Sulfur dioxide","26900","Indianapolis-Carmel-Anderson, IN","18","Indiana","097","Marion","39.810833000928","-86.114444"
"05/22/2019","AQS","180970078","1","0.5","ppb","0","Indpls- Washington Park/  in parking lot next to police station","24","100.0000","42401","Sulfur dioxide","26900","Indianapolis-Carmel-Anderson, IN","18","Indiana","097","Marion","39.810833000928","-86.114444"
"05/23/2019","AQS","180970078","1","0.2","ppb","0","Indpls- Washington Park/  in parking lot next to police station","24","100.0000","42401","Sulfur dioxide","26900","Indianapolis-Carmel-Anderson, IN","18","Indiana","097","Marion","39.810833000928","-86.114444"
"05/24/2019","AQS","180970078","1","0.3","ppb","0","Indpls- Washington Park/  in parking lot next to police station","24","100.0000","42401","Sulfur dioxide","26900","Indianapolis-Carmel-Anderson, IN","18","Indiana","097","Marion","39.810833000928","-86.114444"
"05/25/2019","AQS","180970078","1","0.3","ppb","0","Indpls- Washington Park/  in parking lot next to police station","24","100.0000","42401","Sulfur dioxide","26900","Indianapolis-Carmel-Anderson, IN","18","Indiana","097","Marion","39.810833000928","-86.114444"
"05/26/2019","AQS","180970078","1","0.3","ppb","0","Indpls- Washington Park/  in parking lot next to police station","24","100.0000","42401","Sulfur dioxide","26900","Indianapolis-Carmel-Anderson, IN","18","Indiana","097","Marion","39.810833000928","-86.114444"
"05/27/2019","AQS","180970078","1","0.2","ppb","0","Indpls- Washington Park/  in parking lot next to police station","22","92.0000","42401","Sulfur dioxide","26900","Indianapolis-Carmel-Anderson, IN","18","Indiana","097","Marion","39.810833000928","-86.114444"
"05/28/2019","AQS","180970078","1","0.4","ppb","0","Indpls- Washington Park/  in parking lot next to police station","24","100.0000","42401","Sulfur dioxide","26900","Indianapolis-Carmel-Anderson, IN","18","Indiana","097","Marion","39.810833000928","-86.114444"
"05/29/2019","AQS","180970078","1","0.5","ppb","0","Indpls- Washington Park/  in parking lot next to police station","23","96.0000","42401","Sulfur dioxide","26900","Indianapolis-Carmel-Anderson, IN","18","Indiana","097","Marion","39.810833000928","-86.114444"
"05/30/2019","AQS","180970078","1","0.3","ppb","0","Indpls- Washington Park/  in parking lot next to police station","24","100.0000","42401","Sulfur dioxide","26900","Indianapolis-Carmel-Anderson, IN","18","Indiana","097","Marion","39.810833000928","-86.114444"
"05/31/2019","AQS","180970078","1","0.3","ppb","0","Indpls- Washington Park/  in parking lot next to police station","24","100.0000","42401","Sulfur dioxide","26900","Indianapolis-Carmel-Anderson, IN","18","Indiana","097","Marion","39.810833000928","-86.114444"
"06/01/2019","AQS","180970078","1","0.8","ppb","0","Indpls- Washington Park/  in parking lot next to police station","22","92.0000","42401","Sulfur dioxide","26900","Indianapolis-Carmel-Anderson, IN","18","Indiana","097","Marion","39.810833000928","-86.114444"
"06/02/2019","AQS","180970078","1","0.7","ppb","0","Indpls- Washington Park/  in parking lot next to police station","24","100.0000","42401","Sulfur dioxide","26900","Indianapolis-Carmel-Anderson, IN","18","Indiana","097","Marion","39.810833000928","-86.114444"
"06/03/2019","AQS","180970078","1","0.9","ppb","0","Indpls- Washington Park/  in parking lot next to police station","23","96.0000","42401","Sulfur dioxide","26900","Indianapolis-Carmel-Anderson, IN","18","Indiana","097","Marion","39.810833000928","-86.114444"
"06/04/2019","AQS","180970078","1","0.7","ppb","0","Indpls- Washington Park/  in parking lot next to police station","24","100.0000","42401","Sulfur dioxide","26900","Indianapolis-Carmel-Anderson, IN","18","Indiana","097","Marion","39.810833000928","-86.114444"
"06/05/2019","AQS","180970078","1","0.4","ppb","0","Indpls- Washington Park/  in parking lot next to police station","24","100.0000","42401","Sulfur dioxide","26900","Indianapolis-Carmel-Anderson, IN","18","Indiana","097","Marion","39.810833000928","-86.114444"
"06/06/2019","AQS","180970078","1","0.2","ppb","0","Indpls- Washington Park/  in parking lot next to police station","24","100.0000","42401","Sulfur dioxide","26900","Indianapolis-Carmel-Anderson, IN","18","Indiana","097","Marion","39.810833000928","-86.114444"
"06/07/2019","AQS","180970078","1","0.5","ppb","0","Indpls- Washington Park/  in parking lot next to police station","21","88.0000","42401","Sulfur dioxide","26900","Indianapolis-Carmel-Anderson, IN","18","Indiana","097","Marion","39.810833000928","-86.114444"
"06/08/2019","AQS","180970078","1","0.4","ppb","0","Indpls- Washington Park/  in parking lot next to police station","22","92.0000","42401","Sulfur dioxide","26900","Indianapolis-Carmel-Anderson, IN","18","Indiana","097","Marion","39.810833000928","-86.114444"
"06/09/2019","AQS","180970078","1","0.2","ppb","0","Indpls- Washington Park/  in parking lot next to police station","24","100.0000","42401","Sulfur dioxide","26900","Indianapolis-Carmel-Anderson, IN","18","Indiana","097","Marion","39.810833000928","-86.114444"
"06/10/2019","AQS","180970078","1","0.3","ppb","0","Indpls- Washington Park/  in parking lot next to police station","22","92.0000","42401","Sulfur dioxide","26900","Indianapolis-Carmel-Anderson, IN","18","Indiana","097","Marion","39.810833000928","-86.114444"
"06/11/2019","AQS","180970078","1","0.6","ppb","0","Indpls- Washington Park/  in parking lot next to police station","24","100.0000","42401","Sulfur dioxide","26900","Indianapolis-Carmel-Anderson, IN","18","Indiana","097","Marion","39.810833000928","-86.114444"
"06/12/2019","AQS","180970078","1","1.1","ppb","1","Indpls- Washington Park/  in parking lot next to police station","24","100.0000","42401","Sulfur dioxide","26900","Indianapolis-Carmel-Anderson, IN","18","Indiana","097","Marion","39.810833000928","-86.114444"
"06/13/2019","AQS","180970078","1","0.3","ppb","0","Indpls- Washington Park/  in parking lot next to police station","24","100.0000","42401","Sulfur dioxide","26900","Indianapolis-Carmel-Anderson, IN","18","Indiana","097","Marion","39.810833000928","-86.114444"
"06/14/2019","AQS","180970078","1","2.2","ppb","3","Indpls- Washington Park/  in parking lot next to police station","24","100.0000","42401","Sulfur dioxide","26900","Indianapolis-Carmel-Anderson, IN","18","Indiana","097","Marion","39.810833000928","-86.114444"
"06/15/2019","AQS","180970078","1","0.6","ppb","0","Indpls- Washington Park/  in parking lot next to police station","24","100.0000","42401","Sulfur dioxide","26900","Indianapolis-Carmel-Anderson, IN","18","Indiana","097","Marion","39.810833000928","-86.114444"
"06/16/2019","AQS","180970078","1","0.1","ppb","0","Indpls- Washington Park/  in parking lot next to police station","24","100.0000","42401","Sulfur dioxide","26900","Indianapolis-Carmel-Anderson, IN","18","Indiana","097","Marion","39.810833000928","-86.114444"
"06/17/2019","AQS","180970078","1","0.1","ppb","0","Indpls- Washington Park/  in parking lot next to police station","23","96.0000","42401","Sulfur dioxide","26900","Indianapolis-Carmel-Anderson, IN","18","Indiana","097","Marion","39.810833000928","-86.114444"
"06/18/2019","AQS","180970078","1","0.2","ppb","0","Indpls- Washington Park/  in parking lot next to police station","24","100.0000","42401","Sulfur dioxide","26900","Indianapolis-Carmel-Anderson, IN","18","Indiana","097","Marion","39.810833000928","-86.114444"
"06/19/2019","AQS","180970078","1","0.2","ppb","0","Indpls- Washington Park/  in parking lot next to police station","22","92.0000","42401","Sulfur dioxide","26900","Indianapolis-Carmel-Anderson, IN","18","Indiana","097","Marion","39.810833000928","-86.114444"
"06/20/2019","AQS","180970078","1","0.1","ppb","0","Indpls- Washington Park/  in parking lot next to police station","24","100.0000","42401","Sulfur dioxide","26900","Indianapolis-Carmel-Anderson, IN","18","Indiana","097","Marion","39.810833000928","-86.114444"
"06/21/2019","AQS","180970078","1","0.2","ppb","0","Indpls- Washington Park/  in parking lot next to police station","24","100.0000","42401","Sulfur dioxide","26900","Indianapolis-Carmel-Anderson, IN","18","Indiana","097","Marion","39.810833000928","-86.114444"
"06/22/2019","AQS","180970078","1","0.3","ppb","0","Indpls- Washington Park/  in parking lot next to police station","24","100.0000","42401","Sulfur dioxide","26900","Indianapolis-Carmel-Anderson, IN","18","Indiana","097","Marion","39.810833000928","-86.114444"
"06/23/2019","AQS","180970078","1","0.4","ppb","0","Indpls- Washington Park/  in parking lot next to police station","24","100.0000","42401","Sulfur dioxide","26900","Indianapolis-Carmel-Anderson, IN","18","Indiana","097","Marion","39.810833000928","-86.114444"
"06/24/2019","AQS","180970078","1","0.3","ppb","0","Indpls- Washington Park/  in parking lot next to police station","24","100.0000","42401","Sulfur dioxide","26900","Indianapolis-Carmel-Anderson, IN","18","Indiana","097","Marion","39.810833000928","-86.114444"
"06/25/2019","AQS","180970078","1","0.4","ppb","0","Indpls- Washington Park/  in parking lot next to police station","24","100.0000","42401","Sulfur dioxide","26900","Indianapolis-Carmel-Anderson, IN","18","Indiana","097","Marion","39.810833000928","-86.114444"
"06/26/2019","AQS","180970078","1","0.6","ppb","0","Indpls- Washington Park/  in parking lot next to police station","22","92.0000","42401","Sulfur dioxide","26900","Indianapolis-Carmel-Anderson, IN","18","Indiana","097","Marion","39.810833000928","-86.114444"
"06/27/2019","AQS","180970078","1","0.3","ppb","0","Indpls- Washington Park/  in parking lot next to police station","24","100.0000","42401","Sulfur dioxide","26900","Indianapolis-Carmel-Anderson, IN","18","Indiana","097","Marion","39.810833000928","-86.114444"
"06/28/2019","AQS","180970078","1","0.6","ppb","0","Indpls- Washington Park/  in parking lot next to police station","24","100.0000","42401","Sulfur dioxide","26900","Indianapolis-Carmel-Anderson, IN","18","Indiana","097","Marion","39.810833000928","-86.114444"
"06/29/2019","AQS","180970078","1","0.4","ppb","0","Indpls- Washington Park/  in parking lot next to police station","24","100.0000","42401","Sulfur dioxide","26900","Indianapolis-Carmel-Anderson, IN","18","Indiana","097","Marion","39.810833000928","-86.114444"
"06/30/2019","AQS","180970078","1","0.2","ppb","0","Indpls- Washington Park/  in parking lot next to police station","24","100.0000","42401","Sulfur dioxide","26900","Indianapolis-Carmel-Anderson, IN","18","Indiana","097","Marion","39.810833000928","-86.114444"
"07/01/2019","AQS","180970078","1","0.2","ppb","0","Indpls- Washington Park/  in parking lot next to police station","24","100.0000","42401","Sulfur dioxide","26900","Indianapolis-Carmel-Anderson, IN","18","Indiana","097","Marion","39.810833000928","-86.114444"
"07/02/2019","AQS","180970078","1","0.4","ppb","0","Indpls- Washington Park/  in parking lot next to police station","21","88.0000","42401","Sulfur dioxide","26900","Indianapolis-Carmel-Anderson, IN","18","Indiana","097","Marion","39.810833000928","-86.114444"
"07/03/2019","AQS","180970078","1","0.2","ppb","0","Indpls- Washington Park/  in parking lot next to police station","19","79.0000","42401","Sulfur dioxide","26900","Indianapolis-Carmel-Anderson, IN","18","Indiana","097","Marion","39.810833000928","-86.114444"
"07/04/2019","AQS","180970078","1","0.7","ppb","0","Indpls- Washington Park/  in parking lot next to police station","24","100.0000","42401","Sulfur dioxide","26900","Indianapolis-Carmel-Anderson, IN","18","Indiana","097","Marion","39.810833000928","-86.114444"
"07/05/2019","AQS","180970078","1","0.7","ppb","0","Indpls- Washington Park/  in parking lot next to police station","22","92.0000","42401","Sulfur dioxide","26900","Indianapolis-Carmel-Anderson, IN","18","Indiana","097","Marion","39.810833000928","-86.114444"
"07/06/2019","AQS","180970078","1","0.2","ppb","0","Indpls- Washington Park/  in parking lot next to police station","24","100.0000","42401","Sulfur dioxide","26900","Indianapolis-Carmel-Anderson, IN","18","Indiana","097","Marion","39.810833000928","-86.114444"
"07/07/2019","AQS","180970078","1","0.1","ppb","0","Indpls- Washington Park/  in parking lot next to police station","24","100.0000","42401","Sulfur dioxide","26900","Indianapolis-Carmel-Anderson, IN","18","Indiana","097","Marion","39.810833000928","-86.114444"
"07/08/2019","AQS","180970078","1","0.4","ppb","0","Indpls- Washington Park/  in parking lot next to police station","24","100.0000","42401","Sulfur dioxide","26900","Indianapolis-Carmel-Anderson, IN","18","Indiana","097","Marion","39.810833000928","-86.114444"
"07/09/2019","AQS","180970078","1","0.4","ppb","0","Indpls- Washington Park/  in parking lot next to police station","24","100.0000","42401","Sulfur dioxide","26900","Indianapolis-Carmel-Anderson, IN","18","Indiana","097","Marion","39.810833000928","-86.114444"
"07/10/2019","AQS","180970078","1","0.8","ppb","0","Indpls- Washington Park/  in parking lot next to police station","22","92.0000","42401","Sulfur dioxide","26900","Indianapolis-Carmel-Anderson, IN","18","Indiana","097","Marion","39.810833000928","-86.114444"
"07/11/2019","AQS","180970078","1","0.4","ppb","0","Indpls- Washington Park/  in parking lot next to police station","24","100.0000","42401","Sulfur dioxide","26900","Indianapolis-Carmel-Anderson, IN","18","Indiana","097","Marion","39.810833000928","-86.114444"
"07/12/2019","AQS","180970078","1","0.2","ppb","0","Indpls- Washington Park/  in parking lot next to police station","24","100.0000","42401","Sulfur dioxide","26900","Indianapolis-Carmel-Anderson, IN","18","Indiana","097","Marion","39.810833000928","-86.114444"
"07/13/2019","AQS","180970078","1","0.7","ppb","0","Indpls- Washington Park/  in parking lot next to police station","24","100.0000","42401","Sulfur dioxide","26900","Indianapolis-Carmel-Anderson, IN","18","Indiana","097","Marion","39.810833000928","-86.114444"
"07/14/2019","AQS","180970078","1","0.6","ppb","0","Indpls- Washington Park/  in parking lot next to police station","24","100.0000","42401","Sulfur dioxide","26900","Indianapolis-Carmel-Anderson, IN","18","Indiana","097","Marion","39.810833000928","-86.114444"
"07/15/2019","AQS","180970078","1","0.5","ppb","0","Indpls- Washington Park/  in parking lot next to police station","24","100.0000","42401","Sulfur dioxide","26900","Indianapolis-Carmel-Anderson, IN","18","Indiana","097","Marion","39.810833000928","-86.114444"
"07/16/2019","AQS","180970078","1","0.2","ppb","0","Indpls- Washington Park/  in parking lot next to police station","24","100.0000","42401","Sulfur dioxide","26900","Indianapolis-Carmel-Anderson, IN","18","Indiana","097","Marion","39.810833000928","-86.114444"
"07/17/2019","AQS","180970078","1","0.1","ppb","0","Indpls- Washington Park/  in parking lot next to police station","22","92.0000","42401","Sulfur dioxide","26900","Indianapolis-Carmel-Anderson, IN","18","Indiana","097","Marion","39.810833000928","-86.114444"
"07/19/2019","AQS","180970078","1","0.2","ppb","0","Indpls- Washington Park/  in parking lot next to police station","24","100.0000","42401","Sulfur dioxide","26900","Indianapolis-Carmel-Anderson, IN","18","Indiana","097","Marion","39.810833000928","-86.114444"
"07/20/2019","AQS","180970078","1","0.3","ppb","0","Indpls- Washington Park/  in parking lot next to police station","24","100.0000","42401","Sulfur dioxide","26900","Indianapolis-Carmel-Anderson, IN","18","Indiana","097","Marion","39.810833000928","-86.114444"
"07/21/2019","AQS","180970078","1","0.4","ppb","0","Indpls- Washington Park/  in parking lot next to police station","24","100.0000","42401","Sulfur dioxide","26900","Indianapolis-Carmel-Anderson, IN","18","Indiana","097","Marion","39.810833000928","-86.114444"
"07/22/2019","AQS","180970078","1","0.1","ppb","0","Indpls- Washington Park/  in parking lot next to police station","24","100.0000","42401","Sulfur dioxide","26900","Indianapolis-Carmel-Anderson, IN","18","Indiana","097","Marion","39.810833000928","-86.114444"
"07/23/2019","AQS","180970078","1","0.5","ppb","0","Indpls- Washington Park/  in parking lot next to police station","24","100.0000","42401","Sulfur dioxide","26900","Indianapolis-Carmel-Anderson, IN","18","Indiana","097","Marion","39.810833000928","-86.114444"
"07/24/2019","AQS","180970078","1","0.2","ppb","0","Indpls- Washington Park/  in parking lot next to police station","22","92.0000","42401","Sulfur dioxide","26900","Indianapolis-Carmel-Anderson, IN","18","Indiana","097","Marion","39.810833000928","-86.114444"
"07/25/2019","AQS","180970078","1","0.3","ppb","0","Indpls- Washington Park/  in parking lot next to police station","24","100.0000","42401","Sulfur dioxide","26900","Indianapolis-Carmel-Anderson, IN","18","Indiana","097","Marion","39.810833000928","-86.114444"
"07/26/2019","AQS","180970078","1","0.8","ppb","0","Indpls- Washington Park/  in parking lot next to police station","24","100.0000","42401","Sulfur dioxide","26900","Indianapolis-Carmel-Anderson, IN","18","Indiana","097","Marion","39.810833000928","-86.114444"
"07/27/2019","AQS","180970078","1","1.8","ppb","1","Indpls- Washington Park/  in parking lot next to police station","24","100.0000","42401","Sulfur dioxide","26900","Indianapolis-Carmel-Anderson, IN","18","Indiana","097","Marion","39.810833000928","-86.114444"
"07/28/2019","AQS","180970078","1","1","ppb","1","Indpls- Washington Park/  in parking lot next to police station","24","100.0000","42401","Sulfur dioxide","26900","Indianapolis-Carmel-Anderson, IN","18","Indiana","097","Marion","39.810833000928","-86.114444"
"07/29/2019","AQS","180970078","1","0.6","ppb","0","Indpls- Washington Park/  in parking lot next to police station","24","100.0000","42401","Sulfur dioxide","26900","Indianapolis-Carmel-Anderson, IN","18","Indiana","097","Marion","39.810833000928","-86.114444"
"07/30/2019","AQS","180970078","1","0.2","ppb","0","Indpls- Washington Park/  in parking lot next to police station","24","100.0000","42401","Sulfur dioxide","26900","Indianapolis-Carmel-Anderson, IN","18","Indiana","097","Marion","39.810833000928","-86.114444"
"07/31/2019","AQS","180970078","1","0.2","ppb","0","Indpls- Washington Park/  in parking lot next to police station","22","92.0000","42401","Sulfur dioxide","26900","Indianapolis-Carmel-Anderson, IN","18","Indiana","097","Marion","39.810833000928","-86.114444"
"08/01/2019","AQS","180970078","1","0.5","ppb","0","Indpls- Washington Park/  in parking lot next to police station","24","100.0000","42401","Sulfur dioxide","26900","Indianapolis-Carmel-Anderson, IN","18","Indiana","097","Marion","39.810833000928","-86.114444"
"08/02/2019","AQS","180970078","1","0.6","ppb","0","Indpls- Washington Park/  in parking lot next to police station","24","100.0000","42401","Sulfur dioxide","26900","Indianapolis-Carmel-Anderson, IN","18","Indiana","097","Marion","39.810833000928","-86.114444"
"08/03/2019","AQS","180970078","1","1","ppb","1","Indpls- Washington Park/  in parking lot next to police station","22","92.0000","42401","Sulfur dioxide","26900","Indianapolis-Carmel-Anderson, IN","18","Indiana","097","Marion","39.810833000928","-86.114444"
"08/04/2019","AQS","180970078","1","0.5","ppb","0","Indpls- Washington Park/  in parking lot next to police station","24","100.0000","42401","Sulfur dioxide","26900","Indianapolis-Carmel-Anderson, IN","18","Indiana","097","Marion","39.810833000928","-86.114444"
"08/05/2019","AQS","180970078","1","0.4","ppb","0","Indpls- Washington Park/  in parking lot next to police station","24","100.0000","42401","Sulfur dioxide","26900","Indianapolis-Carmel-Anderson, IN","18","Indiana","097","Marion","39.810833000928","-86.114444"
"08/06/2019","AQS","180970078","1","1.4","ppb","1","Indpls- Washington Park/  in parking lot next to police station","24","100.0000","42401","Sulfur dioxide","26900","Indianapolis-Carmel-Anderson, IN","18","Indiana","097","Marion","39.810833000928","-86.114444"
"08/07/2019","AQS","180970078","1","0.2","ppb","0","Indpls- Washington Park/  in parking lot next to police station","24","100.0000","42401","Sulfur dioxide","26900","Indianapolis-Carmel-Anderson, IN","18","Indiana","097","Marion","39.810833000928","-86.114444"
"08/08/2019","AQS","180970078","1","0.3","ppb","0","Indpls- Washington Park/  in parking lot next to police station","24","100.0000","42401","Sulfur dioxide","26900","Indianapolis-Carmel-Anderson, IN","18","Indiana","097","Marion","39.810833000928","-86.114444"
"08/09/2019","AQS","180970078","1","0.3","ppb","0","Indpls- Washington Park/  in parking lot next to police station","24","100.0000","42401","Sulfur dioxide","26900","Indianapolis-Carmel-Anderson, IN","18","Indiana","097","Marion","39.810833000928","-86.114444"
"08/10/2019","AQS","180970078","1","0.4","ppb","0","Indpls- Washington Park/  in parking lot next to police station","24","100.0000","42401","Sulfur dioxide","26900","Indianapolis-Carmel-Anderson, IN","18","Indiana","097","Marion","39.810833000928","-86.114444"
"08/11/2019","AQS","180970078","1","1.2","ppb","1","Indpls- Washington Park/  in parking lot next to police station","24","100.0000","42401","Sulfur dioxide","26900","Indianapolis-Carmel-Anderson, IN","18","Indiana","097","Marion","39.810833000928","-86.114444"
"08/12/2019","AQS","180970078","1","0.4","ppb","0","Indpls- Washington Park/  in parking lot next to police station","24","100.0000","42401","Sulfur dioxide","26900","Indianapolis-Carmel-Anderson, IN","18","Indiana","097","Marion","39.810833000928","-86.114444"
"08/13/2019","AQS","180970078","1","0.2","ppb","0","Indpls- Washington Park/  in parking lot next to police station","24","100.0000","42401","Sulfur dioxide","26900","Indianapolis-Carmel-Anderson, IN","18","Indiana","097","Marion","39.810833000928","-86.114444"
"08/14/2019","AQS","180970078","1","0.3","ppb","0","Indpls- Washington Park/  in parking lot next to police station","24","100.0000","42401","Sulfur dioxide","26900","Indianapolis-Carmel-Anderson, IN","18","Indiana","097","Marion","39.810833000928","-86.114444"
"08/15/2019","AQS","180970078","1","0.3","ppb","0","Indpls- Washington Park/  in parking lot next to police station","22","92.0000","42401","Sulfur dioxide","26900","Indianapolis-Carmel-Anderson, IN","18","Indiana","097","Marion","39.810833000928","-86.114444"
"08/16/2019","AQS","180970078","1","0.5","ppb","0","Indpls- Washington Park/  in parking lot next to police station","22","92.0000","42401","Sulfur dioxide","26900","Indianapolis-Carmel-Anderson, IN","18","Indiana","097","Marion","39.810833000928","-86.114444"
"08/17/2019","AQS","180970078","1","0.6","ppb","0","Indpls- Washington Park/  in parking lot next to police station","24","100.0000","42401","Sulfur dioxide","26900","Indianapolis-Carmel-Anderson, IN","18","Indiana","097","Marion","39.810833000928","-86.114444"
"08/18/2019","AQS","180970078","1","0.5","ppb","0","Indpls- Washington Park/  in parking lot next to police station","24","100.0000","42401","Sulfur dioxide","26900","Indianapolis-Carmel-Anderson, IN","18","Indiana","097","Marion","39.810833000928","-86.114444"
"08/19/2019","AQS","180970078","1","0.8","ppb","0","Indpls- Washington Park/  in parking lot next to police station","24","100.0000","42401","Sulfur dioxide","26900","Indianapolis-Carmel-Anderson, IN","18","Indiana","097","Marion","39.810833000928","-86.114444"
"08/20/2019","AQS","180970078","1","0.7","ppb","0","Indpls- Washington Park/  in parking lot next to police station","24","100.0000","42401","Sulfur dioxide","26900","Indianapolis-Carmel-Anderson, IN","18","Indiana","097","Marion","39.810833000928","-86.114444"
"08/21/2019","AQS","180970078","1","0.2","ppb","0","Indpls- Washington Park/  in parking lot next to police station","24","100.0000","42401","Sulfur dioxide","26900","Indianapolis-Carmel-Anderson, IN","18","Indiana","097","Marion","39.810833000928","-86.114444"
"08/22/2019","AQS","180970078","1","0.2","ppb","0","Indpls- Washington Park/  in parking lot next to police station","24","100.0000","42401","Sulfur dioxide","26900","Indianapolis-Carmel-Anderson, IN","18","Indiana","097","Marion","39.810833000928","-86.114444"
"08/23/2019","AQS","180970078","1","0.3","ppb","0","Indpls- Washington Park/  in parking lot next to police station","22","92.0000","42401","Sulfur dioxide","26900","Indianapolis-Carmel-Anderson, IN","18","Indiana","097","Marion","39.810833000928","-86.114444"
"08/24/2019","AQS","180970078","1","0.3","ppb","0","Indpls- Washington Park/  in parking lot next to police station","24","100.0000","42401","Sulfur dioxide","26900","Indianapolis-Carmel-Anderson, IN","18","Indiana","097","Marion","39.810833000928","-86.114444"
"08/25/2019","AQS","180970078","1","0.6","ppb","0","Indpls- Washington Park/  in parking lot next to police station","24","100.0000","42401","Sulfur dioxide","26900","Indianapolis-Carmel-Anderson, IN","18","Indiana","097","Marion","39.810833000928","-86.114444"
"08/26/2019","AQS","180970078","1","0.8","ppb","0","Indpls- Washington Park/  in parking lot next to police station","24","100.0000","42401","Sulfur dioxide","26900","Indianapolis-Carmel-Anderson, IN","18","Indiana","097","Marion","39.810833000928","-86.114444"
"08/27/2019","AQS","180970078","1","0.2","ppb","0","Indpls- Washington Park/  in parking lot next to police station","24","100.0000","42401","Sulfur dioxide","26900","Indianapolis-Carmel-Anderson, IN","18","Indiana","097","Marion","39.810833000928","-86.114444"
"08/28/2019","AQS","180970078","1","0.3","ppb","0","Indpls- Washington Park/  in parking lot next to police station","24","100.0000","42401","Sulfur dioxide","26900","Indianapolis-Carmel-Anderson, IN","18","Indiana","097","Marion","39.810833000928","-86.114444"
"08/29/2019","AQS","180970078","1","1.3","ppb","1","Indpls- Washington Park/  in parking lot next to police station","24","100.0000","42401","Sulfur dioxide","26900","Indianapolis-Carmel-Anderson, IN","18","Indiana","097","Marion","39.810833000928","-86.114444"
"08/30/2019","AQS","180970078","1","0.9","ppb","0","Indpls- Washington Park/  in parking lot next to police station","22","92.0000","42401","Sulfur dioxide","26900","Indianapolis-Carmel-Anderson, IN","18","Indiana","097","Marion","39.810833000928","-86.114444"
"08/31/2019","AQS","180970078","1","0.3","ppb","0","Indpls- Washington Park/  in parking lot next to police station","24","100.0000","42401","Sulfur dioxide","26900","Indianapolis-Carmel-Anderson, IN","18","Indiana","097","Marion","39.810833000928","-86.114444"
"09/01/2019","AQS","180970078","1","0.3","ppb","0","Indpls- Washington Park/  in parking lot next to police station","24","100.0000","42401","Sulfur dioxide","26900","Indianapolis-Carmel-Anderson, IN","18","Indiana","097","Marion","39.810833000928","-86.114444"
"09/02/2019","AQS","180970078","1","0.5","ppb","0","Indpls- Washington Park/  in parking lot next to police station","24","100.0000","42401","Sulfur dioxide","26900","Indianapolis-Carmel-Anderson, IN","18","Indiana","097","Marion","39.810833000928","-86.114444"
"09/03/2019","AQS","180970078","1","1.5","ppb","1","Indpls- Washington Park/  in parking lot next to police station","21","88.0000","42401","Sulfur dioxide","26900","Indianapolis-Carmel-Anderson, IN","18","Indiana","097","Marion","39.810833000928","-86.114444"
"09/04/2019","AQS","180970078","1","0.6","ppb","0","Indpls- Washington Park/  in parking lot next to police station","24","100.0000","42401","Sulfur dioxide","26900","Indianapolis-Carmel-Anderson, IN","18","Indiana","097","Marion","39.810833000928","-86.114444"
"09/05/2019","AQS","180970078","1","0.3","ppb","0","Indpls- Washington Park/  in parking lot next to police station","24","100.0000","42401","Sulfur dioxide","26900","Indianapolis-Carmel-Anderson, IN","18","Indiana","097","Marion","39.810833000928","-86.114444"
"09/06/2019","AQS","180970078","1","0.9","ppb","0","Indpls- Washington Park/  in parking lot next to police station","22","92.0000","42401","Sulfur dioxide","26900","Indianapolis-Carmel-Anderson, IN","18","Indiana","097","Marion","39.810833000928","-86.114444"
"09/07/2019","AQS","180970078","1","0.3","ppb","0","Indpls- Washington Park/  in parking lot next to police station","24","100.0000","42401","Sulfur dioxide","26900","Indianapolis-Carmel-Anderson, IN","18","Indiana","097","Marion","39.810833000928","-86.114444"
"09/08/2019","AQS","180970078","1","0.5","ppb","0","Indpls- Washington Park/  in parking lot next to police station","24","100.0000","42401","Sulfur dioxide","26900","Indianapolis-Carmel-Anderson, IN","18","Indiana","097","Marion","39.810833000928","-86.114444"
"09/09/2019","AQS","180970078","1","2","ppb","3","Indpls- Washington Park/  in parking lot next to police station","20","83.0000","42401","Sulfur dioxide","26900","Indianapolis-Carmel-Anderson, IN","18","Indiana","097","Marion","39.810833000928","-86.114444"
"09/12/2019","AQS","180970078","1","0.8","ppb","0","Indpls- Washington Park/  in parking lot next to police station","24","100.0000","42401","Sulfur dioxide","26900","Indianapolis-Carmel-Anderson, IN","18","Indiana","097","Marion","39.810833000928","-86.114444"
"09/13/2019","AQS","180970078","1","0.3","ppb","0","Indpls- Washington Park/  in parking lot next to police station","22","92.0000","42401","Sulfur dioxide","26900","Indianapolis-Carmel-Anderson, IN","18","Indiana","097","Marion","39.810833000928","-86.114444"
"09/14/2019","AQS","180970078","1","0.6","ppb","0","Indpls- Washington Park/  in parking lot next to police station","18","75.0000","42401","Sulfur dioxide","26900","Indianapolis-Carmel-Anderson, IN","18","Indiana","097","Marion","39.810833000928","-86.114444"
"09/16/2019","AQS","180970078","1","0.6","ppb","0","Indpls- Washington Park/  in parking lot next to police station","19","79.0000","42401","Sulfur dioxide","26900","Indianapolis-Carmel-Anderson, IN","18","Indiana","097","Marion","39.810833000928","-86.114444"
"09/18/2019","AQS","180970078","1","0.7","ppb","0","Indpls- Washington Park/  in parking lot next to police station","21","88.0000","42401","Sulfur dioxide","26900","Indianapolis-Carmel-Anderson, IN","18","Indiana","097","Marion","39.810833000928","-86.114444"
"09/19/2019","AQS","180970078","1","1.2","ppb","1","Indpls- Washington Park/  in parking lot next to police station","23","96.0000","42401","Sulfur dioxide","26900","Indianapolis-Carmel-Anderson, IN","18","Indiana","097","Marion","39.810833000928","-86.114444"
"09/20/2019","AQS","180970078","1","0.8","ppb","0","Indpls- Washington Park/  in parking lot next to police station","22","92.0000","42401","Sulfur dioxide","26900","Indianapolis-Carmel-Anderson, IN","18","Indiana","097","Marion","39.810833000928","-86.114444"
"09/21/2019","AQS","180970078","1","1","ppb","1","Indpls- Washington Park/  in parking lot next to police station","24","100.0000","42401","Sulfur dioxide","26900","Indianapolis-Carmel-Anderson, IN","18","Indiana","097","Marion","39.810833000928","-86.114444"
"09/22/2019","AQS","180970078","1","1.2","ppb","1","Indpls- Washington Park/  in parking lot next to police station","19","79.0000","42401","Sulfur dioxide","26900","Indianapolis-Carmel-Anderson, IN","18","Indiana","097","Marion","39.810833000928","-86.114444"
"09/23/2019","AQS","180970078","1","0.3","ppb","0","Indpls- Washington Park/  in parking lot next to police station","24","100.0000","42401","Sulfur dioxide","26900","Indianapolis-Carmel-Anderson, IN","18","Indiana","097","Marion","39.810833000928","-86.114444"
"09/24/2019","AQS","180970078","1","0.7","ppb","0","Indpls- Washington Park/  in parking lot next to police station","24","100.0000","42401","Sulfur dioxide","26900","Indianapolis-Carmel-Anderson, IN","18","Indiana","097","Marion","39.810833000928","-86.114444"
"09/25/2019","AQS","180970078","1","1.6","ppb","1","Indpls- Washington Park/  in parking lot next to police station","23","96.0000","42401","Sulfur dioxide","26900","Indianapolis-Carmel-Anderson, IN","18","Indiana","097","Marion","39.810833000928","-86.114444"
"09/26/2019","AQS","180970078","1","0.5","ppb","0","Indpls- Washington Park/  in parking lot next to police station","24","100.0000","42401","Sulfur dioxide","26900","Indianapolis-Carmel-Anderson, IN","18","Indiana","097","Marion","39.810833000928","-86.114444"
"09/27/2019","AQS","180970078","1","0.8","ppb","0","Indpls- Washington Park/  in parking lot next to police station","19","79.0000","42401","Sulfur dioxide","26900","Indianapolis-Carmel-Anderson, IN","18","Indiana","097","Marion","39.810833000928","-86.114444"
"09/28/2019","AQS","180970078","1","0.5","ppb","0","Indpls- Washington Park/  in parking lot next to police station","24","100.0000","42401","Sulfur dioxide","26900","Indianapolis-Carmel-Anderson, IN","18","Indiana","097","Marion","39.810833000928","-86.114444"
"09/29/2019","AQS","180970078","1","0.4","ppb","0","Indpls- Washington Park/  in parking lot next to police station","24","100.0000","42401","Sulfur dioxide","26900","Indianapolis-Carmel-Anderson, IN","18","Indiana","097","Marion","39.810833000928","-86.114444"
"09/30/2019","AQS","180970078","1","0.7","ppb","0","Indpls- Washington Park/  in parking lot next to police station","24","100.0000","42401","Sulfur dioxide","26900","Indianapolis-Carmel-Anderson, IN","18","Indiana","097","Marion","39.810833000928","-86.114444"
"10/01/2019","AQS","180970078","1","1.7","ppb","1","Indpls- Washington Park/  in parking lot next to police station","23","96.0000","42401","Sulfur dioxide","26900","Indianapolis-Carmel-Anderson, IN","18","Indiana","097","Marion","39.810833000928","-86.114444"
"10/02/2019","AQS","180970078","1","1.5","ppb","1","Indpls- Washington Park/  in parking lot next to police station","23","96.0000","42401","Sulfur dioxide","26900","Indianapolis-Carmel-Anderson, IN","18","Indiana","097","Marion","39.810833000928","-86.114444"
"10/03/2019","AQS","180970078","1","0.6","ppb","0","Indpls- Washington Park/  in parking lot next to police station","24","100.0000","42401","Sulfur dioxide","26900","Indianapolis-Carmel-Anderson, IN","18","Indiana","097","Marion","39.810833000928","-86.114444"
"10/04/2019","AQS","180970078","1","0.3","ppb","0","Indpls- Washington Park/  in parking lot next to police station","22","92.0000","42401","Sulfur dioxide","26900","Indianapolis-Carmel-Anderson, IN","18","Indiana","097","Marion","39.810833000928","-86.114444"
"10/05/2019","AQS","180970078","1","0.7","ppb","0","Indpls- Washington Park/  in parking lot next to police station","24","100.0000","42401","Sulfur dioxide","26900","Indianapolis-Carmel-Anderson, IN","18","Indiana","097","Marion","39.810833000928","-86.114444"
"10/06/2019","AQS","180970078","1","0.5","ppb","0","Indpls- Washington Park/  in parking lot next to police station","24","100.0000","42401","Sulfur dioxide","26900","Indianapolis-Carmel-Anderson, IN","18","Indiana","097","Marion","39.810833000928","-86.114444"
"10/07/2019","AQS","180970078","1","0.3","ppb","0","Indpls- Washington Park/  in parking lot next to police station","24","100.0000","42401","Sulfur dioxide","26900","Indianapolis-Carmel-Anderson, IN","18","Indiana","097","Marion","39.810833000928","-86.114444"
"10/08/2019","AQS","180970078","1","1.6","ppb","1","Indpls- Washington Park/  in parking lot next to police station","24","100.0000","42401","Sulfur dioxide","26900","Indianapolis-Carmel-Anderson, IN","18","Indiana","097","Marion","39.810833000928","-86.114444"
"10/09/2019","AQS","180970078","1","1.9","ppb","1","Indpls- Washington Park/  in parking lot next to police station","24","100.0000","42401","Sulfur dioxide","26900","Indianapolis-Carmel-Anderson, IN","18","Indiana","097","Marion","39.810833000928","-86.114444"
"10/10/2019","AQS","180970078","1","0.4","ppb","0","Indpls- Washington Park/  in parking lot next to police station","24","100.0000","42401","Sulfur dioxide","26900","Indianapolis-Carmel-Anderson, IN","18","Indiana","097","Marion","39.810833000928","-86.114444"
"10/11/2019","AQS","180970078","1","0.3","ppb","0","Indpls- Washington Park/  in parking lot next to police station","22","92.0000","42401","Sulfur dioxide","26900","Indianapolis-Carmel-Anderson, IN","18","Indiana","097","Marion","39.810833000928","-86.114444"
"10/12/2019","AQS","180970078","1","0.7","ppb","0","Indpls- Washington Park/  in parking lot next to police station","19","79.0000","42401","Sulfur dioxide","26900","Indianapolis-Carmel-Anderson, IN","18","Indiana","097","Marion","39.810833000928","-86.114444"
"10/13/2019","AQS","180970078","1","1.2","ppb","1","Indpls- Washington Park/  in parking lot next to police station","23","96.0000","42401","Sulfur dioxide","26900","Indianapolis-Carmel-Anderson, IN","18","Indiana","097","Marion","39.810833000928","-86.114444"
"10/14/2019","AQS","180970078","1","0.6","ppb","0","Indpls- Washington Park/  in parking lot next to police station","24","100.0000","42401","Sulfur dioxide","26900","Indianapolis-Carmel-Anderson, IN","18","Indiana","097","Marion","39.810833000928","-86.114444"
"10/15/2019","AQS","180970078","1","1.4","ppb","1","Indpls- Washington Park/  in parking lot next to police station","24","100.0000","42401","Sulfur dioxide","26900","Indianapolis-Carmel-Anderson, IN","18","Indiana","097","Marion","39.810833000928","-86.114444"
"10/16/2019","AQS","180970078","1","0.3","ppb","0","Indpls- Washington Park/  in parking lot next to police station","24","100.0000","42401","Sulfur dioxide","26900","Indianapolis-Carmel-Anderson, IN","18","Indiana","097","Marion","39.810833000928","-86.114444"
"10/20/2019","AQS","180970078","1","1.1","ppb","1","Indpls- Washington Park/  in parking lot next to police station","23","96.0000","42401","Sulfur dioxide","26900","Indianapolis-Carmel-Anderson, IN","18","Indiana","097","Marion","39.810833000928","-86.114444"
"10/21/2019","AQS","180970078","1","0.5","ppb","0","Indpls- Washington Park/  in parking lot next to police station","24","100.0000","42401","Sulfur dioxide","26900","Indianapolis-Carmel-Anderson, IN","18","Indiana","097","Marion","39.810833000928","-86.114444"
"10/22/2019","AQS","180970078","1","0.8","ppb","0","Indpls- Washington Park/  in parking lot next to police station","21","88.0000","42401","Sulfur dioxide","26900","Indianapolis-Carmel-Anderson, IN","18","Indiana","097","Marion","39.810833000928","-86.114444"
"10/23/2019","AQS","180970078","1","2.7","ppb","3","Indpls- Washington Park/  in parking lot next to police station","24","100.0000","42401","Sulfur dioxide","26900","Indianapolis-Carmel-Anderson, IN","18","Indiana","097","Marion","39.810833000928","-86.114444"
"10/24/2019","AQS","180970078","1","1.3","ppb","1","Indpls- Washington Park/  in parking lot next to police station","24","100.0000","42401","Sulfur dioxide","26900","Indianapolis-Carmel-Anderson, IN","18","Indiana","097","Marion","39.810833000928","-86.114444"
"10/25/2019","AQS","180970078","1","0.4","ppb","0","Indpls- Washington Park/  in parking lot next to police station","22","92.0000","42401","Sulfur dioxide","26900","Indianapolis-Carmel-Anderson, IN","18","Indiana","097","Marion","39.810833000928","-86.114444"
"10/26/2019","AQS","180970078","1","0.3","ppb","0","Indpls- Washington Park/  in parking lot next to police station","24","100.0000","42401","Sulfur dioxide","26900","Indianapolis-Carmel-Anderson, IN","18","Indiana","097","Marion","39.810833000928","-86.114444"
"10/27/2019","AQS","180970078","1","0.4","ppb","0","Indpls- Washington Park/  in parking lot next to police station","24","100.0000","42401","Sulfur dioxide","26900","Indianapolis-Carmel-Anderson, IN","18","Indiana","097","Marion","39.810833000928","-86.114444"
"10/28/2019","AQS","180970078","1","1.6","ppb","1","Indpls- Washington Park/  in parking lot next to police station","24","100.0000","42401","Sulfur dioxide","26900","Indianapolis-Carmel-Anderson, IN","18","Indiana","097","Marion","39.810833000928","-86.114444"
"10/29/2019","AQS","180970078","1","0.8","ppb","0","Indpls- Washington Park/  in parking lot next to police station","24","100.0000","42401","Sulfur dioxide","26900","Indianapolis-Carmel-Anderson, IN","18","Indiana","097","Marion","39.810833000928","-86.114444"
"10/30/2019","AQS","180970078","1","0.2","ppb","0","Indpls- Washington Park/  in parking lot next to police station","24","100.0000","42401","Sulfur dioxide","26900","Indianapolis-Carmel-Anderson, IN","18","Indiana","097","Marion","39.810833000928","-86.114444"
"10/31/2019","AQS","180970078","1","0.2","ppb","0","Indpls- Washington Park/  in parking lot next to police station","24","100.0000","42401","Sulfur dioxide","26900","Indianapolis-Carmel-Anderson, IN","18","Indiana","097","Marion","39.810833000928","-86.114444"
"11/01/2019","AQS","180970078","1","1.2","ppb","1","Indpls- Washington Park/  in parking lot next to police station","22","92.0000","42401","Sulfur dioxide","26900","Indianapolis-Carmel-Anderson, IN","18","Indiana","097","Marion","39.810833000928","-86.114444"
"11/02/2019","AQS","180970078","1","0.8","ppb","0","Indpls- Washington Park/  in parking lot next to police station","24","100.0000","42401","Sulfur dioxide","26900","Indianapolis-Carmel-Anderson, IN","18","Indiana","097","Marion","39.810833000928","-86.114444"
"11/03/2019","AQS","180970078","1","2.2","ppb","3","Indpls- Washington Park/  in parking lot next to police station","24","100.0000","42401","Sulfur dioxide","26900","Indianapolis-Carmel-Anderson, IN","18","Indiana","097","Marion","39.810833000928","-86.114444"
"11/04/2019","AQS","180970078","1","1.9","ppb","1","Indpls- Washington Park/  in parking lot next to police station","24","100.0000","42401","Sulfur dioxide","26900","Indianapolis-Carmel-Anderson, IN","18","Indiana","097","Marion","39.810833000928","-86.114444"
"11/05/2019","AQS","180970078","1","0.4","ppb","0","Indpls- Washington Park/  in parking lot next to police station","24","100.0000","42401","Sulfur dioxide","26900","Indianapolis-Carmel-Anderson, IN","18","Indiana","097","Marion","39.810833000928","-86.114444"
"11/06/2019","AQS","180970078","1","1.8","ppb","1","Indpls- Washington Park/  in parking lot next to police station","24","100.0000","42401","Sulfur dioxide","26900","Indianapolis-Carmel-Anderson, IN","18","Indiana","097","Marion","39.810833000928","-86.114444"
"11/07/2019","AQS","180970078","1","0.4","ppb","0","Indpls- Washington Park/  in parking lot next to police station","24","100.0000","42401","Sulfur dioxide","26900","Indianapolis-Carmel-Anderson, IN","18","Indiana","097","Marion","39.810833000928","-86.114444"
"11/08/2019","AQS","180970078","1","0.6","ppb","0","Indpls- Washington Park/  in parking lot next to police station","21","88.0000","42401","Sulfur dioxide","26900","Indianapolis-Carmel-Anderson, IN","18","Indiana","097","Marion","39.810833000928","-86.114444"
"12/05/2019","AQS","180970078","1","1.2","ppb","1","Indpls- Washington Park/  in parking lot next to police station","21","88.0000","42401","Sulfur dioxide","26900","Indianapolis-Carmel-Anderson, IN","18","Indiana","097","Marion","39.810833000928","-86.114444"
"12/06/2019","AQS","180970078","1","1.3","ppb","1","Indpls- Washington Park/  in parking lot next to police station","24","100.0000","42401","Sulfur dioxide","26900","Indianapolis-Carmel-Anderson, IN","18","Indiana","097","Marion","39.810833000928","-86.114444"
"12/07/2019","AQS","180970078","1","2","ppb","3","Indpls- Washington Park/  in parking lot next to police station","24","100.0000","42401","Sulfur dioxide","26900","Indianapolis-Carmel-Anderson, IN","18","Indiana","097","Marion","39.810833000928","-86.114444"
"12/08/2019","AQS","180970078","1","1.5","ppb","1","Indpls- Washington Park/  in parking lot next to police station","24","100.0000","42401","Sulfur dioxide","26900","Indianapolis-Carmel-Anderson, IN","18","Indiana","097","Marion","39.810833000928","-86.114444"
"12/09/2019","AQS","180970078","1","0.4","ppb","0","Indpls- Washington Park/  in parking lot next to police station","24","100.0000","42401","Sulfur dioxide","26900","Indianapolis-Carmel-Anderson, IN","18","Indiana","097","Marion","39.810833000928","-86.114444"
"12/10/2019","AQS","180970078","1","0.3","ppb","0","Indpls- Washington Park/  in parking lot next to police station","24","100.0000","42401","Sulfur dioxide","26900","Indianapolis-Carmel-Anderson, IN","18","Indiana","097","Marion","39.810833000928","-86.114444"
"12/11/2019","AQS","180970078","1","0.7","ppb","0","Indpls- Washington Park/  in parking lot next to police station","24","100.0000","42401","Sulfur dioxide","26900","Indianapolis-Carmel-Anderson, IN","18","Indiana","097","Marion","39.810833000928","-86.114444"
"12/12/2019","AQS","180970078","1","1.4","ppb","1","Indpls- Washington Park/  in parking lot next to police station","22","92.0000","42401","Sulfur dioxide","26900","Indianapolis-Carmel-Anderson, IN","18","Indiana","097","Marion","39.810833000928","-86.114444"
"12/13/2019","AQS","180970078","1","1.5","ppb","1","Indpls- Washington Park/  in parking lot next to police station","24","100.0000","42401","Sulfur dioxide","26900","Indianapolis-Carmel-Anderson, IN","18","Indiana","097","Marion","39.810833000928","-86.114444"
"12/14/2019","AQS","180970078","1","0.9","ppb","0","Indpls- Washington Park/  in parking lot next to police station","24","100.0000","42401","Sulfur dioxide","26900","Indianapolis-Carmel-Anderson, IN","18","Indiana","097","Marion","39.810833000928","-86.114444"
"12/15/2019","AQS","180970078","1","0.6","ppb","0","Indpls- Washington Park/  in parking lot next to police station","24","100.0000","42401","Sulfur dioxide","26900","Indianapolis-Carmel-Anderson, IN","18","Indiana","097","Marion","39.810833000928","-86.114444"
"12/16/2019","AQS","180970078","1","0.4","ppb","0","Indpls- Washington Park/  in parking lot next to police station","24","100.0000","42401","Sulfur dioxide","26900","Indianapolis-Carmel-Anderson, IN","18","Indiana","097","Marion","39.810833000928","-86.114444"
"12/17/2019","AQS","180970078","1","0.6","ppb","0","Indpls- Washington Park/  in parking lot next to police station","24","100.0000","42401","Sulfur dioxide","26900","Indianapolis-Carmel-Anderson, IN","18","Indiana","097","Marion","39.810833000928","-86.114444"
"12/18/2019","AQS","180970078","1","0.3","ppb","0","Indpls- Washington Park/  in parking lot next to police station","24","100.0000","42401","Sulfur dioxide","26900","Indianapolis-Carmel-Anderson, IN","18","Indiana","097","Marion","39.810833000928","-86.114444"
"12/19/2019","AQS","180970078","1","1.2","ppb","1","Indpls- Washington Park/  in parking lot next to police station","22","92.0000","42401","Sulfur dioxide","26900","Indianapolis-Carmel-Anderson, IN","18","Indiana","097","Marion","39.810833000928","-86.114444"
"12/20/2019","AQS","180970078","1","2.4","ppb","3","Indpls- Washington Park/  in parking lot next to police station","24","100.0000","42401","Sulfur dioxide","26900","Indianapolis-Carmel-Anderson, IN","18","Indiana","097","Marion","39.810833000928","-86.114444"
"12/21/2019","AQS","180970078","1","2.5","ppb","3","Indpls- Washington Park/  in parking lot next to police station","24","100.0000","42401","Sulfur dioxide","26900","Indianapolis-Carmel-Anderson, IN","18","Indiana","097","Marion","39.810833000928","-86.114444"
"12/22/2019","AQS","180970078","1","4.2","ppb","6","Indpls- Washington Park/  in parking lot next to police station","24","100.0000","42401","Sulfur dioxide","26900","Indianapolis-Carmel-Anderson, IN","18","Indiana","097","Marion","39.810833000928","-86.114444"
"12/23/2019","AQS","180970078","1","1.8","ppb","1","Indpls- Washington Park/  in parking lot next to police station","24","100.0000","42401","Sulfur dioxide","26900","Indianapolis-Carmel-Anderson, IN","18","Indiana","097","Marion","39.810833000928","-86.114444"
"12/24/2019","AQS","180970078","1","1.2","ppb","1","Indpls- Washington Park/  in parking lot next to police station","24","100.0000","42401","Sulfur dioxide","26900","Indianapolis-Carmel-Anderson, IN","18","Indiana","097","Marion","39.810833000928","-86.114444"
"12/25/2019","AQS","180970078","1","1.9","ppb","1","Indpls- Washington Park/  in parking lot next to police station","24","100.0000","42401","Sulfur dioxide","26900","Indianapolis-Carmel-Anderson, IN","18","Indiana","097","Marion","39.810833000928","-86.114444"
"12/26/2019","AQS","180970078","1","1.2","ppb","1","Indpls- Washington Park/  in parking lot next to police station","22","92.0000","42401","Sulfur dioxide","26900","Indianapolis-Carmel-Anderson, IN","18","Indiana","097","Marion","39.810833000928","-86.114444"
"12/27/2019","AQS","180970078","1","0.4","ppb","0","Indpls- Washington Park/  in parking lot next to police station","24","100.0000","42401","Sulfur dioxide","26900","Indianapolis-Carmel-Anderson, IN","18","Indiana","097","Marion","39.810833000928","-86.114444"
"12/28/2019","AQS","180970078","1","2.3","ppb","3","Indpls- Washington Park/  in parking lot next to police station","24","100.0000","42401","Sulfur dioxide","26900","Indianapolis-Carmel-Anderson, IN","18","Indiana","097","Marion","39.810833000928","-86.114444"
"12/29/2019","AQS","180970078","1","0.5","ppb","0","Indpls- Washington Park/  in parking lot next to police station","24","100.0000","42401","Sulfur dioxide","26900","Indianapolis-Carmel-Anderson, IN","18","Indiana","097","Marion","39.810833000928","-86.114444"
"12/30/2019","AQS","180970078","1","0.4","ppb","0","Indpls- Washington Park/  in parking lot next to police station","22","92.0000","42401","Sulfur dioxide","26900","Indianapolis-Carmel-Anderson, IN","18","Indiana","097","Marion","39.810833000928","-86.114444"
"12/31/2019","AQS","180970078","1","0.2","ppb","0","Indpls- Washington Park/  in parking lot next to police station","24","100.0000","42401","Sulfur dioxide","26900","Indianapolis-Carmel-Anderson, IN","18","Indiana","097","Marion","39.810833000928","-86.114444"
